Time (s),Joint Vel 1,Joint Vel 2,Joint Vel 3,Body Vel X,Body Vel Y,Body Vel Z
1.000, 0.000, 0.000, 0.000, -0.000, -0.000, -0.000
1.020, -0.916, -0.000, 0.000, 0.230, -0.002, -0.000
1.040, -1.039, -0.000, -0.000, 0.309, -0.008, -0.000
1.060, -1.047, -0.000, 0.000, 0.314, -0.015, -0.000
1.080, -1.047, -0.000, -0.000, 0.313, -0.022, -0.000
1.100, -1.047, -0.000, 0.000, 0.313, -0.028, -0.000
1.120, -1.047, -0.000, 0.000, 0.312, -0.035, -0.000
1.140, -1.047, 0.000, -0.000, 0.311, -0.041, -0.000
1.160, -1.047, -0.000, 0.000, 0.310, -0.048, -0.000
1.180, -1.047, -0.000, 0.000, 0.309, -0.054, -0.000
1.200, -1.047, 0.000, -0.000, 0.308, -0.061, -0.000
1.220, -1.047, 0.000, -0.000, 0.307, -0.067, -0.000
1.240, -1.047, -0.000, 0.000, 0.305, -0.074, -0.000
1.260, -1.047, -0.000, 0.000, 0.304, -0.080, -0.000
1.280, -1.047, -0.000, 0.000, 0.302, -0.086, -0.000
1.300, -1.047, -0.000, 0.000, 0.300, -0.093, -0.000
1.320, -1.047, -0.000, 0.000, 0.298, -0.099, -0.000
1.340, -1.047, -0.000, 0.000, 0.296, -0.105, -0.000
1.360, -0.947, 0.000, -0.000, 0.272, -0.103, -0.000
1.380, -0.602, -0.000, 0.000, 0.180, -0.071, -0.000
1.400, -0.345, -0.000, 0.000, 0.104, -0.042, -0.000
1.420, -0.193, 0.000, -0.000, 0.058, -0.024, -0.000
1.440, -0.107, 0.000, -0.000, 0.032, -0.013, -0.000
1.460, -0.059, 0.000, -0.000, 0.018, -0.007, -0.000
1.480, -0.032, 0.000, -0.000, 0.010, -0.004, -0.000
1.500, -0.018, -0.000, 0.000, 0.005, -0.002, -0.000
1.520, -0.010, 0.000, -0.000, 0.003, -0.001, -0.000
1.540, -0.005, 0.000, -0.000, 0.002, -0.001, -0.000
1.560, -0.003, 0.000, -0.000, 0.001, -0.000, -0.000
1.580, -0.001, -0.000, 0.000, 0.000, -0.000, -0.000
1.600, -0.001, 0.000, -0.000, 0.000, -0.000, -0.000
1.620, -0.001, 0.000, -0.000, 0.000, -0.000, -0.000
1.640, -0.000, -0.000, 0.000, 0.000, 0.000, -0.000
1.660, 0.000, 0.000, 0.000, 0.000, 0.000, -0.000
1.680, 0.000, 0.000, 0.000, 0.000, 0.000, -0.000
1.700, 0.000, 0.000, 0.000, 0.000, 0.000, -0.000
1.720, 0.916, -0.000, 0.000, -0.215, 0.092, -0.000
1.740, 1.039, 0.000, -0.000, -0.288, 0.113, -0.000
1.760, 1.047, -0.000, 0.000, -0.295, 0.108, -0.000
1.780, 1.047, -0.000, 0.000, -0.297, 0.102, -0.000
1.800, 1.047, -0.000, 0.000, -0.299, 0.096, -0.000
1.820, 1.047, -0.000, 0.000, -0.301, 0.090, -0.000
1.840, 1.047, 0.000, -0.000, -0.303, 0.083, -0.000
1.860, 1.047, -0.000, 0.000, -0.305, 0.077, -0.000
1.880, 1.047, -0.000, 0.000, -0.306, 0.071, -0.000
1.900, 1.047, -0.000, 0.000, -0.308, 0.064, -0.000
1.920, 1.047, 0.000, -0.000, -0.309, 0.058, -0.000
1.940, 1.047, -0.000, 0.000, -0.310, 0.051, -0.000
1.960, 1.047, -0.000, 0.000, -0.311, 0.045, -0.000
1.980, 1.047, 0.000, -0.000, -0.312, 0.038, -0.000
2.000, 1.047, 0.000, -0.000, -0.313, 0.032, -0.000
2.020, 1.047, -0.000, 0.000, -0.313, 0.025, -0.000
2.040, 1.047, -0.000, 0.000, -0.314, 0.019, -0.000
2.060, 0.947, -0.000, 0.000, -0.290, 0.011, -0.000
2.080, 0.602, 0.000, -0.000, -0.194, 0.004, -0.000
2.100, 0.345, 0.000, -0.000, -0.113, 0.001, -0.000
2.120, 0.193, 0.000, -0.000, -0.063, 0.001, -0.000
2.140, 0.107, -0.000, 0.000, -0.035, 0.000, -0.000
2.160, 0.059, 0.000, -0.000, -0.019, 0.000, -0.000
2.180, 0.032, -0.000, 0.000, -0.011, 0.000, -0.000
2.200, 0.018, -0.000, 0.000, -0.006, 0.000, -0.000
2.220, 0.010, -0.000, 0.000, -0.003, 0.000, -0.000
2.240, 0.005, -0.000, 0.000, -0.002, 0.000, -0.000
2.260, 0.003, -0.000, 0.000, -0.001, 0.000, -0.000
2.280, 0.002, 0.000, -0.000, -0.000, 0.000, -0.000
2.300, 0.001, -0.000, 0.000, -0.000, 0.000, -0.000
2.320, 0.001, 0.000, -0.000, -0.000, 0.000, -0.000
2.340, 0.000, -0.000, 0.000, -0.000, 0.000, -0.000
2.360, 0.000, 0.000, 0.000, -0.000, 0.000, -0.000
2.380, 0.000, 0.000, 0.000, -0.000, 0.000, -0.000
2.400, 0.000, 0.000, 0.000, -0.000, 0.000, -0.000
2.420, -0.916, -0.000, 0.000, 0.230, -0.002, -0.000
2.440, -1.039, -0.000, 0.000, 0.309, -0.008, -0.000
2.460, -1.047, 0.000, -0.000, 0.314, -0.015, -0.000
2.480, -1.047, 0.000, -0.000, 0.313, -0.022, -0.000
2.500, -1.047, 0.000, -0.000, 0.313, -0.028, -0.000
2.520, -1.047, 0.000, -0.000, 0.312, -0.035, -0.000
2.540, -1.047, 0.000, -0.000, 0.311, -0.041, -0.000
2.560, -1.047, -0.000, 0.000, 0.311, -0.048, -0.000
2.580, -1.047, -0.000, 0.000, 0.309, -0.054, -0.000
2.600, -1.047, -0.000, 0.000, 0.308, -0.061, -0.000
2.620, -1.047, -0.000, 0.000, 0.307, -0.067, -0.000
2.640, -1.047, -0.000, 0.000, 0.305, -0.074, -0.000
2.660, -1.047, 0.000, -0.000, 0.304, -0.080, -0.000
2.680, -1.047, -0.000, 0.000, 0.302, -0.086, -0.000
2.700, -1.047, -0.000, 0.000, 0.300, -0.093, -0.000
2.720, -1.047, 0.000, -0.000, 0.298, -0.099, -0.000
2.740, -1.047, -0.000, 0.000, 0.296, -0.105, -0.000
2.760, -0.947, -0.000, 0.000, 0.272, -0.103, -0.000
2.780, -0.602, -0.000, 0.000, 0.180, -0.071, -0.000
2.800, -0.345, -0.000, 0.000, 0.104, -0.042, -0.000
2.820, -0.193, -0.000, 0.000, 0.058, -0.024, -0.000
2.840, -0.107, 0.000, -0.000, 0.032, -0.013, -0.000
2.860, -0.059, -0.000, 0.000, 0.018, -0.007, -0.000
2.880, -0.032, -0.000, 0.000, 0.010, -0.004, -0.000
2.900, -0.018, -0.000, 0.000, 0.005, -0.002, -0.000
2.920, -0.010, -0.000, 0.000, 0.003, -0.001, -0.000
2.940, -0.005, 0.000, -0.000, 0.002, -0.001, -0.000
2.960, -0.003, -0.000, 0.000, 0.001, -0.000, -0.000
2.980, -0.001, -0.000, 0.000, 0.000, -0.000, -0.000
3.000, -0.001, 0.000, -0.000, 0.000, -0.000, -0.000
3.020, -0.001, -0.000, 0.000, 0.000, 0.000, -0.000
3.040, -0.000, -0.000, 0.000, 0.000, 0.000, -0.000
3.060, 0.000, 0.000, 0.000, 0.000, 0.000, -0.000
3.080, 0.000, 0.000, 0.000, 0.000, 0.000, -0.000
3.100, 0.000, 0.000, 0.000, 0.000, 0.000, -0.000
3.120, 0.916, -0.000, 0.000, -0.215, 0.092, -0.000
3.140, 1.039, 0.000, -0.000, -0.288, 0.113, -0.000
3.160, 1.047, -0.000, 0.000, -0.295, 0.108, -0.000
3.180, 1.047, 0.000, -0.000, -0.297, 0.102, -0.000
3.200, 1.047, 0.000, -0.000, -0.299, 0.096, -0.000
3.220, 1.047, -0.000, 0.000, -0.301, 0.090, -0.000
3.240, 1.047, -0.000, 0.000, -0.303, 0.083, -0.000
3.260, 1.047, -0.000, 0.000, -0.305, 0.077, -0.000
3.280, 1.047, -0.000, 0.000, -0.306, 0.071, -0.000
3.300, 1.047, 0.000, -0.000, -0.308, 0.064, -0.000
3.320, 1.047, -0.000, 0.000, -0.309, 0.058, -0.000
3.340, 1.047, -0.000, 0.000, -0.310, 0.051, -0.000
3.360, 1.047, -0.000, 0.000, -0.311, 0.045, -0.000
3.380, 1.047, -0.000, 0.000, -0.312, 0.038, -0.000
3.400, 1.047, -0.000, 0.000, -0.313, 0.032, -0.000
3.420, 1.047, 0.000, -0.000, -0.313, 0.025, -0.000
3.440, 1.047, 0.000, -0.000, -0.314, 0.019, -0.000
3.460, 1.047, -0.000, 0.000, -0.314, 0.012, -0.000
3.480, 1.047, 0.000, -0.000, -0.314, 0.005, -0.000
3.500, 1.047, -0.000, 0.000, -0.314, -0.001, -0.000
3.520, 1.047, 0.000, -0.000, -0.314, -0.008, -0.000
3.540, 1.047, -0.000, 0.000, -0.314, -0.014, -0.000
3.560, 1.047, -0.000, 0.000, -0.313, -0.021, -0.000
3.580, 1.047, -0.000, 0.000, -0.313, -0.027, -0.000
3.600, 1.047, 0.000, -0.000, -0.312, -0.034, -0.000
3.620, 1.047, 0.000, -0.000, -0.311, -0.041, -0.000
3.640, 1.047, 0.000, -0.000, -0.311, -0.047, -0.000
3.660, 1.047, -0.000, 0.000, -0.310, -0.054, -0.000
3.680, 1.047, -0.000, 0.000, -0.308, -0.060, -0.000
3.700, 1.047, 0.000, -0.000, -0.307, -0.066, -0.000
3.720, 1.047, -0.000, 0.000, -0.306, -0.073, -0.000
3.740, 1.047, -0.000, 0.000, -0.304, -0.079, -0.000
3.760, 1.047, 0.000, -0.000, -0.302, -0.086, -0.000
3.780, 1.047, 0.000, -0.000, -0.300, -0.092, -0.000
3.800, 1.047, 0.000, -0.000, -0.298, -0.098, -0.000
3.820, -0.785, -0.000, 0.000, 0.061, 0.053, -0.000
3.840, -1.031, 0.000, -0.000, 0.288, 0.092, -0.000
3.860, -1.046, -0.000, 0.000, 0.301, 0.088, -0.000
3.880, -1.047, -0.000, 0.000, 0.303, 0.082, -0.000
3.900, -1.047, -0.000, 0.000, 0.305, 0.076, -0.000
3.920, -1.047, -0.000, 0.000, 0.306, 0.069, -0.000
3.940, -1.047, 0.000, -0.000, 0.308, 0.063, -0.000
3.960, -1.047, 0.000, -0.000, 0.309, 0.056, -0.000
3.980, -1.047, 0.000, -0.000, 0.310, 0.050, -0.000
4.000, -1.047, -0.000, 0.000, 0.311, 0.044, -0.000
4.020, -1.047, 0.000, -0.000, 0.312, 0.037, -0.000
4.040, -1.047, -0.000, 0.000, 0.313, 0.030, -0.000
4.060, -1.047, 0.000, -0.000, 0.313, 0.024, -0.000
4.080, -1.047, -0.000, 0.000, 0.314, 0.017, -0.000
4.100, -0.881, -0.000, 0.000, 0.275, 0.010, -0.000
4.120, -0.542, -0.000, 0.000, 0.175, 0.004, -0.000
4.140, -0.308, 0.000, -0.000, 0.101, 0.001, -0.000
4.160, -0.171, 0.000, -0.000, 0.056, 0.000, -0.000
4.180, -0.095, 0.000, -0.000, 0.031, 0.000, -0.000
4.200, -0.052, 0.000, -0.000, 0.017, 0.000, -0.000
4.220, -0.029, 0.000, -0.000, 0.009, 0.000, -0.000
4.240, -0.016, -0.000, 0.000, 0.005, 0.000, -0.000
4.260, -0.009, 0.000, -0.000, 0.003, 0.000, -0.000
4.280, -0.005, -0.000, 0.000, 0.002, 0.000, -0.000
4.300, -0.003, 0.000, -0.000, 0.001, 0.000, -0.000
4.320, -0.001, 0.000, -0.000, 0.000, 0.000, -0.000
4.340, -0.001, -0.000, 0.000, 0.000, 0.000, -0.000
4.360, -0.000, -0.000, 0.000, 0.000, 0.000, -0.000
4.380, -0.000, -0.000, 0.000, 0.000, 0.000, -0.000
4.400, 0.000, 0.000, 0.000, 0.000, 0.000, -0.000
4.420, 0.000, 0.000, 0.000, 0.000, 0.000, -0.000
4.440, 0.000, 0.000, 0.000, 0.000, 0.000, -0.000
4.460, 0.000, 0.000, 0.000, 0.000, 0.000, -0.000
4.480, 0.000, 0.000, 0.000, 0.000, 0.000, -0.000
4.500, 0.000, 0.000, 0.000, 0.000, 0.000, -0.000
4.520, 0.000, 0.000, 0.000, 0.000, 0.000, -0.000
4.540, 0.000, 0.000, 0.000, 0.000, 0.000, -0.000
4.560, 0.000, 0.000, 0.000, 0.000, 0.000, -0.000
4.580, 0.000, 0.000, 0.000, 0.000, 0.000, -0.000
4.600, 0.000, 0.000, 0.000, 0.000, 0.000, -0.000
4.620, 0.000, 0.000, 0.000, 0.000, 0.000, -0.000
4.640, 0.000, 0.000, 0.000, 0.000, 0.000, -0.000
4.660, 0.000, 0.000, 0.000, 0.000, 0.000, -0.000
4.680, 0.000, 0.000, 0.000, 0.000, 0.000, -0.000
4.700, 0.000, 0.000, 0.000, 0.000, 0.000, -0.000
4.720, 0.000, 0.000, 0.000, 0.000, 0.000, -0.000
4.740, 0.000, 0.000, 0.000, 0.000, 0.000, -0.000
4.760, 0.000, 0.000, 0.000, 0.000, 0.000, -0.000
4.780, 0.000, 0.000, 0.000, 0.000, 0.000, -0.000
4.800, 0.000, 0.000, 0.000, 0.000, 0.000, -0.000
4.820, 0.000, 0.000, 0.000, 0.000, 0.000, -0.000
4.840, 0.000, 0.000, 0.000, 0.000, 0.000, -0.000
4.860, 0.000, 0.000, 0.000, 0.000, 0.000, -0.000
4.880, 0.000, 0.000, 0.000, 0.000, 0.000, -0.000
4.900, 0.000, 0.000, 0.000, 0.000, 0.000, -0.000
4.920, 0.000, 0.000, 0.000, 0.000, 0.000, -0.000
4.940, 0.000, 0.000, 0.000, 0.000, 0.000, -0.000
4.960, 0.000, 0.000, 0.000, 0.000, 0.000, -0.000
4.980, 0.000, 0.000, 0.000, 0.000, 0.000, -0.000
5.000, 0.000, 0.000, 0.000, 0.000, 0.000, -0.000
5.020, 0.000, 0.000, 0.000, 0.000, 0.000, -0.000
5.040, 0.000, 0.000, 0.000, 0.000, 0.000, -0.000
5.060, 0.000, 0.000, 0.000, 0.000, 0.000, -0.000
5.080, 0.000, 0.000, 0.000, 0.000, 0.000, -0.000
5.100, 0.000, 0.000, 0.000, 0.000, 0.000, -0.000
5.120, 0.000, 0.000, 0.000, 0.000, 0.000, -0.000
5.140, 0.000, 0.000, 0.000, 0.000, 0.000, -0.000
5.160, 0.000, 0.000, 0.000, 0.000, 0.000, -0.000
5.180, 0.000, 0.000, 0.000, 0.000, 0.000, -0.000
5.200, 0.000, 0.000, 0.000, 0.000, 0.000, -0.000
5.220, 0.000, 0.000, 0.000, 0.000, 0.000, -0.000
5.240, 0.000, 0.000, 0.000, 0.000, 0.000, -0.000
5.260, 0.000, 0.000, 0.000, 0.000, 0.000, -0.000
5.280, 0.000, 0.000, 0.000, 0.000, 0.000, -0.000
5.300, 0.000, 0.000, 0.000, 0.000, 0.000, -0.000
5.320, 0.000, 0.000, 0.000, 0.000, 0.000, -0.000
5.340, 0.000, 0.000, 0.000, 0.000, 0.000, -0.000
5.360, 0.000, 0.000, 0.000, 0.000, 0.000, -0.000
5.380, 0.000, 0.000, 0.000, 0.000, 0.000, -0.000
5.400, 0.000, 0.000, 0.000, 0.000, 0.000, -0.000
5.420, 0.000, 0.000, 0.000, 0.000, 0.000, -0.000
5.440, 0.000, 0.000, 0.000, 0.000, 0.000, -0.000
5.460, 0.000, 0.000, 0.000, 0.000, 0.000, -0.000
5.480, 0.000, 0.000, 0.000, 0.000, 0.000, -0.000
5.500, 0.000, 0.000, 0.000, 0.000, 0.000, -0.000
5.520, 0.000, 0.000, 0.000, 0.000, 0.000, -0.000
5.540, 0.000, 0.000, 0.000, 0.000, 0.000, -0.000
5.560, 0.000, 0.000, 0.000, 0.000, 0.000, -0.000
5.580, 0.000, 0.000, 0.000, 0.000, 0.000, -0.000
5.600, 0.000, 0.000, 0.000, 0.000, 0.000, -0.000
5.620, 0.000, 0.000, 0.000, 0.000, 0.000, -0.000
5.640, 0.000, 0.000, 0.000, 0.000, 0.000, -0.000
5.660, 0.000, 0.000, 0.000, 0.000, 0.000, -0.000
5.680, 0.000, 0.000, 0.000, 0.000, 0.000, -0.000
5.700, 0.000, 0.000, 0.000, 0.000, 0.000, -0.000
5.720, 0.000, 0.000, 0.000, 0.000, 0.000, -0.000
5.740, 0.000, 0.000, 0.000, 0.000, 0.000, -0.000
5.760, 0.000, 0.000, 0.000, 0.000, 0.000, -0.000
5.780, 0.000, 0.000, 0.000, 0.000, 0.000, -0.000
5.800, 0.000, 0.000, 0.000, 0.000, 0.000, -0.000
5.820, 0.000, 0.000, 0.000, 0.000, 0.000, -0.000
5.840, 0.000, 0.000, 0.000, 0.000, 0.000, -0.000
5.860, 0.000, 0.000, 0.000, 0.000, 0.000, -0.000
5.880, 0.000, 0.000, 0.000, 0.000, 0.000, -0.000
5.900, 0.000, 0.000, 0.000, 0.000, 0.000, -0.000
5.920, 0.000, 0.000, 0.000, 0.000, 0.000, -0.000
5.940, 0.000, 0.000, 0.000, 0.000, 0.000, -0.000
5.960, 0.000, 0.000, 0.000, 0.000, 0.000, -0.000
5.980, 0.000, 0.000, 0.000, 0.000, 0.000, -0.000
6.000, 0.000, 0.000, 0.000, 0.000, 0.000, -0.000
6.020, 0.000, 0.000, 0.000, 0.000, 0.000, -0.000
6.040, 0.000, 0.000, 0.000, 0.000, 0.000, -0.000
6.060, 0.000, 0.000, 0.000, 0.000, 0.000, -0.000
6.080, 0.000, 0.000, 0.000, 0.000, 0.000, -0.000
6.100, 0.000, 0.000, 0.000, 0.000, 0.000, -0.000
6.120, 0.000, 0.000, 0.000, 0.000, 0.000, -0.000
6.140, 0.000, 0.000, 0.000, 0.000, 0.000, -0.000
6.160, 0.000, 0.000, 0.000, 0.000, 0.000, -0.000
6.180, 0.000, 0.000, 0.000, 0.000, 0.000, -0.000
6.200, 0.000, 0.000, 0.000, 0.000, 0.000, -0.000
6.220, 0.000, 0.000, 0.000, 0.000, 0.000, -0.000
6.240, 0.000, 0.000, 0.000, -0.000, 0.000, -0.000
6.260, 0.000, 0.000, 0.000, -0.000, 0.000, -0.000
6.280, 0.000, 0.000, 0.000, -0.000, 0.000, -0.000
6.300, 0.000, 0.000, 0.000, -0.000, 0.000, -0.000
6.320, 0.000, 0.000, 0.000, -0.000, 0.000, -0.000
6.340, 0.000, 0.000, 0.000, -0.000, 0.000, -0.000
6.360, 0.000, 0.000, 0.000, -0.000, 0.000, -0.000
6.380, 0.000, 0.000, 0.000, -0.000, 0.000, -0.000
6.400, 0.000, 0.000, 0.000, -0.000, 0.000, -0.000
6.420, 0.000, 0.000, 0.000, -0.000, 0.000, -0.000
6.440, 0.000, 0.000, 0.000, -0.000, 0.000, -0.000
6.460, 0.000, 0.000, 0.000, -0.000, 0.000, -0.000
6.480, 0.000, 0.000, 0.000, -0.000, 0.000, -0.000
6.500, 0.000, 0.000, 0.000, -0.000, 0.000, -0.000
6.520, 0.000, 0.000, 0.000, -0.000, 0.000, -0.000
6.540, 0.000, 0.000, 0.000, -0.000, 0.000, -0.000
6.560, 0.000, 0.000, 0.000, -0.000, 0.000, -0.000
6.580, 0.000, 0.000, 0.000, -0.000, 0.000, -0.000
6.600, 0.000, 0.000, 0.000, -0.000, 0.000, -0.000
6.620, 0.000, 0.000, 0.000, -0.000, 0.000, -0.000
6.640, 0.000, 0.000, 0.000, -0.000, 0.000, -0.000
6.660, 0.000, 0.000, 0.000, -0.000, 0.000, -0.000
6.680, 0.000, 0.000, 0.000, -0.000, 0.000, -0.000
6.700, 0.000, 0.000, 0.000, -0.000, 0.000, -0.000
6.720, 0.000, 0.000, 0.000, -0.000, 0.000, -0.000
6.740, 0.000, 0.000, 0.000, -0.000, 0.000, -0.000
6.760, 0.000, 0.000, 0.000, -0.000, 0.000, -0.000
6.780, 0.000, 0.000, 0.000, -0.000, 0.000, -0.000
6.800, 0.000, 0.000, 0.000, -0.000, 0.000, -0.000
6.820, 0.000, 0.000, 0.000, -0.000, 0.000, -0.000
6.840, 0.000, 0.000, 0.000, -0.000, 0.000, -0.000
6.860, 0.000, 0.000, 0.000, -0.000, 0.000, -0.000
6.880, 0.000, 0.000, 0.000, -0.000, 0.000, -0.000
6.900, 0.000, 0.000, 0.000, -0.000, 0.000, -0.000
6.920, 0.000, 0.000, 0.000, -0.000, 0.000, -0.000
6.940, 0.000, 0.000, 0.000, -0.000, 0.000, -0.000
6.960, 0.000, 0.000, 0.000, -0.000, 0.000, -0.000
6.980, 0.000, 0.000, 0.000, -0.000, 0.000, -0.000
7.000, 0.000, 0.000, 0.000, -0.000, 0.000, -0.000
7.020, 0.000, 0.000, 0.000, -0.000, 0.000, -0.000
7.040, 0.000, 0.000, 0.000, -0.000, 0.000, -0.000
7.060, 0.000, 0.000, 0.000, -0.000, 0.000, -0.000
7.080, 0.000, 0.000, 0.000, -0.000, 0.000, -0.000
7.100, 0.000, 0.000, 0.000, -0.000, -0.000, -0.000
7.120, 0.000, 0.000, 0.000, -0.000, 0.000, -0.000
7.140, 0.000, 0.000, 0.000, -0.000, 0.000, -0.000
7.160, 0.000, 0.000, 0.000, -0.000, -0.000, -0.000
7.180, 0.000, 0.000, 0.000, -0.000, -0.000, -0.000
7.200, 0.000, 0.000, 0.000, -0.000, 0.000, -0.000
7.220, 0.000, 0.000, 0.000, -0.000, -0.000, -0.000
7.240, 0.000, 0.000, 0.000, -0.000, -0.000, -0.000
7.260, 0.000, 0.000, 0.000, -0.000, 0.000, -0.000
7.280, 0.000, 0.000, 0.000, -0.000, -0.000, -0.000
7.300, 0.000, 0.000, 0.000, -0.000, -0.000, -0.000
7.320, 0.000, 0.000, 0.000, -0.000, 0.000, -0.000
7.340, 0.000, 0.000, 0.000, -0.000, 0.000, -0.000
7.360, 0.000, 0.000, 0.000, -0.000, 0.000, -0.000
7.380, 0.000, 0.000, 0.000, -0.000, -0.000, -0.000
7.400, 0.000, 0.000, 0.000, -0.000, 0.000, -0.000
7.420, 0.000, 0.000, 0.000, -0.000, 0.000, -0.000
7.440, 0.000, 0.000, 0.000, -0.000, -0.000, -0.000
7.460, 0.000, 0.916, 0.000, -0.000, 0.070, -0.153
7.480, 0.000, 1.039, 0.000, -0.000, 0.216, -0.212
7.500, 0.000, 1.047, 0.000, 0.000, 0.218, -0.219
7.520, 0.000, 1.047, -0.000, 0.000, 0.213, -0.224
7.540, 0.000, 1.047, 0.000, 0.000, 0.209, -0.228
7.560, 0.000, 1.047, 0.000, 0.000, 0.204, -0.231
7.580, 0.000, 1.047, -0.000, 0.000, 0.199, -0.235
7.600, 0.000, 1.047, 0.000, 0.000, 0.194, -0.239
7.620, 0.000, 1.047, -0.000, 0.000, 0.189, -0.243
7.640, 0.000, 1.047, -0.000, 0.000, 0.184, -0.246
7.660, 0.000, 1.047, -0.000, 0.000, 0.179, -0.250
7.680, 0.000, 1.047, -0.000, 0.000, 0.173, -0.253
7.700, 0.000, 1.047, -0.000, 0.000, 0.168, -0.256
7.720, 0.000, 1.047, 0.000, 0.000, 0.163, -0.259
7.740, 0.000, 1.047, -0.000, 0.000, 0.157, -0.262
7.760, 0.000, 1.047, -0.000, 0.000, 0.152, -0.265
7.780, 0.000, 1.047, 0.000, 0.000, 0.146, -0.268
7.800, 0.000, 0.947, -0.000, 0.000, 0.130, -0.250
7.820, 0.000, 0.602, 0.000, 0.000, 0.084, -0.168
7.840, 0.000, 0.345, -0.000, 0.000, 0.048, -0.098
7.860, 0.000, 0.193, 0.000, 0.000, 0.027, -0.055
7.880, 0.000, 0.107, -0.000, 0.000, 0.015, -0.031
7.900, 0.000, 0.059, -0.000, 0.000, 0.008, -0.017
7.920, 0.000, 0.032, 0.000, 0.000, 0.004, -0.009
7.940, 0.000, 0.018, 0.000, 0.000, 0.002, -0.005
7.960, 0.000, 0.010, 0.000, 0.000, 0.001, -0.003
7.980, 0.000, 0.005, 0.000, 0.000, 0.001, -0.002
8.000, 0.000, 0.003, -0.000, -0.000, 0.000, -0.001
8.020, 0.000, 0.002, -0.000, -0.000, 0.000, -0.001
8.040, 0.000, 0.001, 0.000, -0.000, 0.000, -0.000
8.060, 0.000, 0.001, -0.000, -0.000, 0.000, -0.000
8.080, 0.000, 0.000, 0.000, -0.000, 0.000, -0.000
8.100, 0.000, 0.000, 0.000, -0.000, 0.000, -0.000
8.120, 0.000, 0.000, 0.000, -0.000, 0.000, -0.000
8.140, 0.000, 0.000, 0.000, -0.000, 0.000, -0.000
8.160, 0.000, -0.864, -0.000, 0.000, -0.089, 0.184
8.180, 0.000, -1.036, 0.000, 0.000, -0.134, 0.266
8.200, 0.000, -1.047, 0.000, 0.000, -0.142, 0.269
8.220, 0.000, -1.047, -0.000, 0.000, -0.148, 0.266
8.240, 0.000, -1.047, -0.000, 0.000, -0.154, 0.263
8.260, 0.000, -1.047, -0.000, 0.000, -0.159, 0.261
8.280, 0.000, -1.047, -0.000, 0.000, -0.165, 0.258
8.300, 0.000, -1.047, -0.000, 0.000, -0.170, 0.254
8.320, 0.000, -1.047, 0.000, -0.000, -0.175, 0.251
8.340, 0.000, -1.047, 0.000, -0.000, -0.181, 0.248
8.360, 0.000, -1.047, 0.000, -0.000, -0.186, 0.244
8.380, 0.000, -1.047, 0.000, -0.000, -0.191, 0.241
8.400, 0.000, -1.047, -0.000, -0.000, -0.196, 0.237
8.420, 0.000, -1.047, -0.000, -0.000, -0.201, 0.234
8.440, 0.000, -1.047, -0.000, -0.000, -0.206, 0.230
8.460, 0.000, -1.047, 0.000, -0.000, -0.210, 0.226
8.480, 0.000, -1.047, -0.000, -0.000, -0.215, 0.222
8.500, 0.000, -0.979, 0.000, -0.000, -0.208, 0.206
8.520, 0.000, -0.634, -0.000, -0.000, -0.145, 0.139
8.540, 0.000, -0.365, -0.000, -0.000, -0.085, 0.080
8.560, 0.000, -0.204, -0.000, -0.000, -0.048, 0.045
8.580, 0.000, -0.113, 0.000, -0.000, -0.027, 0.025
8.600, 0.000, -0.062, 0.000, -0.000, -0.015, 0.014
8.620, 0.000, -0.034, 0.000, -0.000, -0.008, 0.007
8.640, 0.000, -0.019, -0.000, -0.000, -0.004, 0.004
8.660, 0.000, -0.010, 0.000, -0.000, -0.002, 0.002
8.680, 0.000, -0.006, 0.000, -0.000, -0.001, 0.001
8.700, 0.000, -0.003, -0.000, -0.000, -0.001, 0.001
8.720, 0.000, -0.002, 0.000, -0.000, -0.000, 0.000
8.740, 0.000, -0.001, 0.000, -0.000, -0.000, 0.000
8.760, 0.000, -0.001, 0.000, -0.000, -0.000, 0.000
8.780, 0.000, -0.000, -0.000, -0.000, -0.000, -0.000
8.800, 0.000, 0.000, 0.000, -0.000, 0.000, -0.000
8.820, 0.000, 0.000, 0.000, -0.000, 0.000, -0.000
8.840, 0.000, 0.000, 0.000, -0.000, 0.000, -0.000
8.860, 0.000, -0.884, 0.000, -0.000, -0.163, 0.147
8.880, 0.000, -1.037, 0.000, -0.000, -0.229, 0.200
8.900, 0.000, -1.046, -0.000, -0.000, -0.237, 0.199
8.920, 0.000, -1.047, 0.000, -0.000, -0.242, 0.195
8.940, 0.000, -1.047, -0.000, -0.000, -0.246, 0.190
8.960, 0.000, -1.047, 0.000, -0.000, -0.250, 0.185
8.980, 0.000, -1.047, -0.000, -0.000, -0.254, 0.180
9.000, 0.000, -1.047, -0.000, -0.000, -0.257, 0.175
9.020, 0.000, -1.047, -0.000, -0.000, -0.261, 0.170
9.040, 0.000, -1.047, 0.000, -0.000, -0.264, 0.165
9.060, 0.000, -1.047, 0.000, -0.000, -0.268, 0.160
9.080, 0.000, -1.047, -0.000, -0.000, -0.271, 0.155
9.100, 0.000, -1.047, -0.000, -0.000, -0.274, 0.149
9.120, 0.000, -1.047, 0.000, -0.000, -0.277, 0.144
9.140, 0.000, -1.047, 0.000, -0.000, -0.280, 0.139
9.160, 0.000, -1.047, -0.000, -0.000, -0.283, 0.133
9.180, 0.000, -1.047, 0.000, -0.000, -0.286, 0.127
9.200, 0.000, -0.967, -0.000, -0.000, -0.270, 0.114
9.220, 0.000, -0.622, -0.000, -0.000, -0.185, 0.075
9.240, 0.000, -0.358, 0.000, -0.000, -0.108, 0.043
9.260, 0.000, -0.200, 0.000, -0.000, -0.061, 0.024
9.280, 0.000, -0.111, 0.000, -0.000, -0.034, 0.013
9.300, 0.000, -0.061, 0.000, -0.000, -0.019, 0.007
9.320, 0.000, -0.034, 0.000, -0.000, -0.010, 0.004
9.340, 0.000, -0.019, 0.000, -0.000, -0.006, 0.002
9.360, 0.000, -0.010, -0.000, -0.000, -0.003, 0.001
9.380, 0.000, -0.006, 0.000, -0.000, -0.002, 0.001
9.400, 0.000, -0.003, -0.000, -0.000, -0.001, 0.000
9.420, 0.000, -0.002, -0.000, -0.000, -0.000, 0.000
9.440, 0.000, -0.001, 0.000, -0.000, -0.000, 0.000
9.460, 0.000, -0.001, -0.000, -0.000, -0.000, -0.000
9.480, 0.000, -0.000, 0.000, -0.000, -0.000, -0.000
9.500, 0.000, 0.000, 0.000, -0.000, -0.000, -0.000
9.520, 0.000, 0.000, 0.000, -0.000, -0.000, -0.000
9.540, 0.000, 0.000, 0.000, -0.000, 0.000, -0.000
9.560, 0.000, 0.916, -0.000, -0.000, 0.173, -0.087
9.580, 0.000, 1.039, -0.000, -0.000, 0.286, -0.117
9.600, 0.000, 1.047, 0.000, -0.000, 0.287, -0.124
9.620, 0.000, 1.047, -0.000, -0.000, 0.285, -0.130
9.640, 0.000, 1.047, -0.000, -0.000, 0.282, -0.136
9.660, 0.000, 1.047, -0.000, -0.000, 0.279, -0.141
9.680, 0.000, 1.047, 0.000, -0.000, 0.276, -0.147
9.700, 0.000, 1.047, -0.000, -0.000, 0.273, -0.152
9.720, 0.000, 1.047, 0.000, -0.000, 0.270, -0.157
9.740, 0.000, 1.047, -0.000, -0.000, 0.266, -0.162
9.760, 0.000, 1.047, 0.000, -0.000, 0.263, -0.167
9.780, 0.000, 1.047, 0.000, -0.000, 0.259, -0.172
9.800, 0.000, 1.047, -0.000, -0.000, 0.256, -0.177
9.820, 0.000, 1.047, 0.000, -0.000, 0.252, -0.182
9.840, 0.000, 1.047, -0.000, -0.000, 0.248, -0.187
9.860, 0.000, 1.047, -0.000, 0.000, 0.244, -0.192
9.880, 0.000, 1.047, -0.000, 0.000, 0.240, -0.197
9.900, 0.000, 1.047, -0.000, 0.000, 0.236, -0.201
9.920, 0.000, 1.047, 0.000, 0.000, 0.232, -0.205
9.940, 0.000, 1.047, -0.000, 0.000, 0.227, -0.210
9.960, 0.000, 1.047, -0.000, 0.000, 0.223, -0.214
9.980, 0.000, 1.047, 0.000, 0.000, 0.218, -0.219
10.000, 0.000, 1.047, -0.000, 0.000, 0.214, -0.223
10.020, 0.000, 1.047, 0.000, 0.000, 0.209, -0.227
10.040, 0.000, 1.047, 0.000, 0.000, 0.204, -0.231
10.060, 0.000, 1.047, 0.000, 0.000, 0.199, -0.235
10.080, 0.000, -0.117, -0.000, 0.000, 0.013, -0.017
10.100, 0.000, -0.980, 0.000, 0.000, -0.175, 0.207
10.120, 0.000, -1.043, 0.000, 0.000, -0.202, 0.230
10.140, 0.000, -1.047, -0.000, 0.000, -0.208, 0.227
10.160, 0.000, -1.047, 0.000, 0.000, -0.213, 0.223
10.180, 0.000, -1.047, 0.000, 0.000, -0.216, 0.218
10.200, 0.000, -0.778, 0.000, 0.000, -0.174, 0.169
10.220, 0.000, -0.462, 0.000, 0.000, -0.107, 0.102
10.240, 0.000, -0.260, 0.000, 0.000, -0.061, 0.057
10.260, 0.000, -0.145, -0.000, 0.000, -0.034, 0.032
10.280, 0.000, -0.080, -0.000, 0.000, -0.019, 0.017
10.300, 0.000, -0.044, -0.000, 0.000, -0.010, 0.010
10.320, 0.000, -0.024, -0.000, 0.000, -0.006, 0.005
10.340, 0.000, -0.013, 0.000, 0.000, -0.003, 0.003
10.360, 0.000, -0.007, 0.000, -0.000, -0.002, 0.002
10.380, 0.000, -0.004, -0.000, -0.000, -0.001, 0.001
10.400, 0.000, -0.002, 0.000, -0.000, -0.000, 0.000
10.420, 0.000, -0.001, 0.000, -0.000, -0.000, 0.000
10.440, 0.000, -0.001, -0.000, -0.000, -0.000, 0.000
10.460, 0.000, -0.000, -0.000, -0.000, -0.000, 0.000
10.480, 0.000, -0.000, 0.000, -0.000, -0.000, -0.000
10.500, 0.000, 0.000, 0.000, -0.000, 0.000, -0.000
10.520, 0.000, 0.000, 0.000, -0.000, 0.000, -0.000
10.540, 0.000, 0.000, 0.000, -0.000, 0.000, -0.000
10.560, 0.000, 0.000, 0.000, -0.000, 0.000, -0.000
10.580, 0.000, 0.000, 0.000, -0.000, 0.000, -0.000
10.600, 0.000, 0.000, 0.000, -0.000, 0.000, -0.000
10.620, 0.000, 0.000, 0.000, -0.000, 0.000, -0.000
10.640, 0.000, 0.000, 0.000, -0.000, 0.000, -0.000
10.660, 0.000, 0.000, 0.000, -0.000, 0.000, -0.000
10.680, 0.000, 0.000, 0.000, -0.000, 0.000, -0.000
10.700, 0.000, 0.000, 0.000, -0.000, 0.000, -0.000
10.720, 0.000, 0.000, 0.000, -0.000, 0.000, -0.000
10.740, 0.000, 0.000, 0.000, -0.000, 0.000, -0.000
10.760, 0.000, 0.000, 0.000, -0.000, 0.000, -0.000
10.780, 0.000, 0.000, 0.000, -0.000, 0.000, -0.000
10.800, 0.000, 0.000, 0.000, -0.000, 0.000, -0.000
10.820, 0.000, 0.000, 0.000, -0.000, 0.000, -0.000
10.840, 0.000, 0.000, 0.000, -0.000, 0.000, -0.000
10.860, 0.000, 0.000, 0.000, -0.000, 0.000, -0.000
10.880, 0.000, 0.000, 0.000, -0.000, 0.000, -0.000
10.900, 0.000, 0.000, 0.000, -0.000, 0.000, -0.000
10.920, 0.000, 0.000, 0.000, -0.000, 0.000, -0.000
10.940, 0.000, 0.000, 0.000, -0.000, 0.000, -0.000
10.960, 0.000, 0.000, 0.000, -0.000, 0.000, -0.000
10.980, 0.000, 0.000, 0.000, -0.000, 0.000, -0.000
11.000, 0.000, 0.000, 0.000, -0.000, 0.000, -0.000
11.020, 0.000, 0.000, 0.000, -0.000, 0.000, -0.000
11.040, 0.000, 0.000, 0.000, -0.000, 0.000, -0.000
11.060, 0.000, 0.000, 0.000, -0.000, 0.000, -0.000
11.080, 0.000, 0.000, 0.000, -0.000, 0.000, -0.000
11.100, 0.000, 0.000, 0.000, -0.000, 0.000, -0.000
11.120, 0.000, 0.000, 0.000, -0.000, 0.000, -0.000
11.140, 0.000, 0.000, 0.000, -0.000, 0.000, -0.000
11.160, 0.000, 0.000, 0.000, -0.000, 0.000, -0.000
11.180, 0.000, 0.000, 0.000, -0.000, 0.000, -0.000
11.200, 0.000, 0.000, 0.000, -0.000, 0.000, -0.000
11.220, 0.000, 0.000, 0.000, -0.000, 0.000, -0.000
11.240, 0.000, 0.000, 0.000, -0.000, 0.000, -0.000
11.260, 0.000, 0.000, 0.000, -0.000, 0.000, -0.000
11.280, 0.000, 0.000, 0.000, -0.000, 0.000, -0.000
11.300, 0.000, 0.000, 0.000, -0.000, 0.000, -0.000
11.320, 0.000, 0.000, 0.000, -0.000, 0.000, -0.000
11.340, 0.000, 0.000, 0.000, -0.000, 0.000, -0.000
11.360, 0.000, 0.000, 0.000, -0.000, 0.000, -0.000
11.380, 0.000, 0.000, 0.000, -0.000, 0.000, -0.000
11.400, 0.000, 0.000, 0.000, -0.000, 0.000, -0.000
11.420, 0.000, 0.000, 0.000, -0.000, 0.000, -0.000
11.440, 0.000, 0.000, 0.000, -0.000, 0.000, -0.000
11.460, 0.000, 0.000, 0.000, -0.000, 0.000, -0.000
11.480, 0.000, 0.000, 0.000, -0.000, 0.000, -0.000
11.500, 0.000, 0.000, 0.000, -0.000, 0.000, -0.000
11.520, 0.000, 0.000, 0.000, -0.000, 0.000, -0.000
11.540, 0.000, 0.000, 0.000, -0.000, 0.000, -0.000
11.560, 0.000, 0.000, 0.000, -0.000, 0.000, -0.000
11.580, 0.000, 0.000, 0.000, -0.000, 0.000, -0.000
11.600, 0.000, 0.000, 0.000, -0.000, 0.000, -0.000
11.620, 0.000, 0.000, 0.000, -0.000, 0.000, -0.000
11.640, 0.000, 0.000, 0.000, -0.000, 0.000, -0.000
11.660, 0.000, 0.000, 0.000, -0.000, 0.000, -0.000
11.680, 0.000, 0.000, 0.000, -0.000, 0.000, -0.000
11.700, 0.000, 0.000, 0.000, -0.000, 0.000, -0.000
11.720, 0.000, 0.000, 0.000, -0.000, 0.000, -0.000
11.740, 0.000, 0.000, 0.000, -0.000, 0.000, -0.000
11.760, 0.000, 0.000, 0.000, -0.000, 0.000, -0.000
11.780, 0.000, 0.000, 0.000, -0.000, 0.000, -0.000
11.800, 0.000, 0.000, 0.916, 0.000, 0.169, 0.000
11.820, 0.000, 0.000, 1.039, 0.000, 0.225, -0.003
11.840, 0.000, 0.000, 1.046, 0.000, 0.228, -0.007
11.860, 0.000, 0.000, 1.047, 0.000, 0.228, -0.012
11.880, 0.000, 0.000, 1.047, 0.000, 0.227, -0.019
11.900, 0.000, 0.000, 1.047, 0.000, 0.227, -0.023
11.920, 0.000, 0.000, 1.047, 0.000, 0.226, -0.027
11.940, 0.000, 0.000, 1.047, 0.000, 0.226, -0.032
11.960, 0.000, 0.000, 1.047, 0.000, 0.225, -0.036
11.980, 0.000, 0.000, 1.047, 0.000, 0.224, -0.040
12.000, 0.000, 0.000, 1.047, 0.000, 0.223, -0.044
12.020, 0.000, 0.000, 1.047, 0.000, 0.222, -0.049
12.040, 0.000, 0.000, 1.047, 0.000, 0.221, -0.053
12.060, 0.000, 0.000, 1.047, 0.000, 0.220, -0.057
12.080, 0.000, 0.000, 1.047, 0.000, 0.219, -0.062
12.100, 0.000, 0.000, 1.047, 0.000, 0.217, -0.066
12.120, 0.000, 0.000, 1.047, 0.000, 0.216, -0.070
12.140, 0.000, 0.000, 0.948, 0.000, 0.198, -0.069
12.160, 0.000, 0.000, 0.603, 0.000, 0.132, -0.047
12.180, 0.000, 0.000, 0.346, 0.000, 0.076, -0.029
12.200, 0.000, 0.000, 0.193, 0.000, 0.043, -0.016
12.220, 0.000, 0.000, 0.107, -0.000, 0.024, -0.008
12.240, 0.000, 0.000, 0.059, -0.000, 0.013, -0.004
12.260, 0.000, 0.000, 0.033, -0.000, 0.007, -0.002
12.280, 0.000, 0.000, 0.018, -0.000, 0.004, -0.001
12.300, 0.000, 0.000, 0.010, -0.000, 0.002, 0.000
12.320, 0.000, 0.000, 0.005, -0.000, 0.001, 0.000
12.340, 0.000, 0.000, 0.003, -0.000, 0.001, 0.000
12.360, 0.000, 0.000, 0.002, -0.000, 0.000, -0.000
12.380, 0.000, 0.000, 0.001, -0.000, 0.000, -0.000
12.400, 0.000, 0.000, 0.001, -0.000, 0.000, -0.000
12.420, 0.000, 0.000, 0.000, -0.000, 0.000, -0.000
12.440, 0.000, 0.000, 0.000, -0.000, 0.000, -0.000
12.460, 0.000, 0.000, 0.000, -0.000, 0.000, -0.000
12.480, 0.000, 0.000, 0.000, -0.000, 0.000, -0.000
12.500, 0.000, 0.000, 0.000, -0.000, 0.000, -0.000
12.520, 0.000, 0.000, 0.000, -0.000, 0.000, -0.000
12.540, 0.000, 0.000, 0.000, -0.000, 0.000, -0.000
12.560, 0.000, 0.000, 0.000, -0.000, 0.000, -0.000
12.580, 0.000, 0.000, 0.000, -0.000, 0.000, -0.000
12.600, 0.000, 0.000, 0.000, -0.000, 0.000, -0.000
12.620, 0.000, 0.000, 0.000, -0.000, 0.000, -0.000
12.640, 0.000, 0.000, 0.000, -0.000, 0.000, -0.000
12.660, 0.000, 0.000, 0.000, -0.000, 0.000, -0.000
12.680, 0.000, 0.000, 0.000, -0.000, 0.000, -0.000
12.700, 0.000, 0.000, 0.000, -0.000, 0.000, -0.000
12.720, 0.000, 0.000, 0.000, -0.000, 0.000, -0.000
12.740, 0.000, 0.000, 0.000, -0.000, 0.000, -0.000
12.760, 0.000, 0.000, 0.000, -0.000, 0.000, -0.000
12.780, 0.000, 0.000, 0.000, -0.000, 0.000, -0.000
12.800, 0.000, 0.000, 0.000, -0.000, 0.000, -0.000
12.820, 0.000, 0.000, 0.000, -0.000, 0.000, -0.000
12.840, 0.000, 0.000, 0.000, -0.000, 0.000, -0.000
12.860, 0.000, 0.000, 0.000, -0.000, 0.000, -0.000
12.880, 0.000, 0.000, 0.000, -0.000, 0.000, -0.000
12.900, 0.000, 0.000, 0.000, -0.000, 0.000, -0.000
12.920, 0.000, 0.000, 0.000, -0.000, 0.000, -0.000
12.940, 0.000, 0.000, 0.000, -0.000, 0.000, -0.000
12.960, 0.000, 0.000, 0.000, -0.000, 0.000, -0.000
12.980, 0.000, 0.000, 0.000, -0.000, 0.000, -0.000
13.000, 0.000, 0.000, 0.000, -0.000, 0.000, -0.000
13.020, 0.000, 0.000, 0.000, -0.000, 0.000, -0.000
13.040, 0.000, 0.000, 0.000, -0.000, 0.000, -0.000
13.060, 0.000, 0.000, 0.000, -0.000, 0.000, -0.000
13.080, 0.000, 0.000, 0.000, -0.000, 0.000, -0.000
13.100, 0.000, 0.000, 0.000, -0.000, 0.000, -0.000
13.120, 0.000, 0.000, 0.000, -0.000, 0.000, -0.000
13.140, 0.000, 0.000, 0.000, -0.000, 0.000, -0.000
13.160, 0.000, 0.000, 0.000, -0.000, 0.000, -0.000
13.180, 0.000, 0.000, 0.000, -0.000, 0.000, -0.000
13.200, 0.000, 0.007, -0.916, -0.000, -0.159, 0.057
13.220, 0.000, -0.005, -1.039, -0.000, -0.211, 0.077
13.240, 0.000, -0.005, -1.047, -0.000, -0.216, 0.074
13.260, 0.000, -0.003, -1.047, -0.000, -0.217, 0.069
13.280, 0.000, -0.002, -1.047, -0.000, -0.218, 0.064
13.300, 0.000, -0.001, -1.047, -0.000, -0.220, 0.060
13.320, 0.000, -0.001, -1.047, -0.000, -0.221, 0.056
13.340, 0.000, -0.000, -1.047, -0.000, -0.222, 0.052
13.360, 0.000, 0.000, -1.047, -0.000, -0.223, 0.047
13.380, 0.000, 0.000, -1.047, -0.000, -0.224, 0.043
13.400, 0.000, 0.000, -1.047, -0.000, -0.225, 0.039
13.420, 0.000, 0.000, -1.047, -0.000, -0.225, 0.034
13.440, 0.000, 0.000, -1.047, -0.000, -0.226, 0.030
13.460, 0.000, 0.000, -1.047, -0.000, -0.227, 0.025
13.480, 0.000, 0.000, -1.047, -0.000, -0.227, 0.021
13.500, 0.000, 0.000, -1.047, -0.000, -0.227, 0.017
13.520, 0.000, 0.000, -1.047, -0.000, -0.228, 0.012
13.540, 0.000, 0.000, -1.047, -0.000, -0.228, 0.008
13.560, 0.000, 0.000, -1.047, -0.000, -0.228, 0.003
13.580, 0.000, 0.000, -1.047, -0.000, -0.228, -0.001
13.600, 0.000, 0.000, -1.047, -0.000, -0.228, -0.005
13.620, 0.000, 0.000, -1.047, -0.000, -0.228, -0.010
13.640, 0.000, 0.000, -1.047, -0.000, -0.228, -0.014
13.660, 0.000, 0.000, -1.047, -0.000, -0.227, -0.018
13.680, 0.000, 0.000, -1.047, -0.000, -0.227, -0.023
13.700, 0.000, 0.000, -1.047, -0.000, -0.226, -0.027
13.720, 0.000, 0.000, -1.047, -0.000, -0.226, -0.031
13.740, 0.000, 0.000, -1.047, -0.000, -0.225, -0.035
13.760, 0.000, 0.000, -1.047, -0.000, -0.224, -0.040
13.780, 0.000, 0.000, -1.047, -0.000, -0.223, -0.044
13.800, 0.000, 0.000, -1.047, -0.000, -0.222, -0.049
13.820, 0.000, 0.000, -1.047, -0.000, -0.221, -0.053
13.840, 0.000, 0.000, -1.047, -0.000, -0.220, -0.057
13.860, 0.000, 0.000, -1.047, -0.000, -0.219, -0.061
13.880, 0.000, 0.000, -1.047, -0.000, -0.218, -0.065
13.900, 0.000, 0.000, 0.765, 0.000, 0.104, 0.033
13.920, 0.000, 0.000, 1.029, 0.000, 0.211, 0.061
13.940, 0.000, 0.000, 1.046, 0.000, 0.219, 0.059
13.960, 0.000, 0.000, 1.047, 0.000, 0.221, 0.055
13.980, 0.000, 0.000, 1.047, 0.000, 0.222, 0.051
14.000, 0.000, 0.000, 1.047, 0.000, 0.223, 0.047
14.020, 0.000, 0.000, 1.047, 0.000, 0.224, 0.042
14.040, 0.000, 0.000, 1.047, 0.000, 0.225, 0.038
14.060, 0.000, 0.000, 1.047, 0.000, 0.225, 0.033
14.080, 0.000, 0.000, 1.047, 0.000, 0.226, 0.029
14.100, 0.000, 0.000, 1.047, 0.000, 0.227, 0.025
14.120, 0.000, 0.000, 1.047, 0.000, 0.227, 0.021
14.140, 0.000, 0.000, 1.047, 0.000, 0.227, 0.016
14.160, 0.000, 0.000, 1.047, 0.000, 0.228, 0.011
14.180, 0.000, 0.000, 1.047, 0.000, 0.228, 0.008
14.200, 0.000, 0.000, 1.047, 0.000, 0.228, 0.003
14.220, 0.000, 0.000, 1.047, 0.000, 0.228, -0.001
14.240, 0.000, 0.000, 1.047, 0.000, 0.228, -0.006
14.260, 0.000, 0.000, 1.047, 0.000, 0.228, -0.010
14.280, 0.000, 0.000, 1.047, 0.000, 0.228, -0.015
14.300, 0.000, 0.000, 1.047, 0.000, 0.227, -0.019
14.320, 0.000, 0.000, 1.047, 0.000, 0.227, -0.023
14.340, 0.000, 0.000, 1.047, 0.000, 0.226, -0.028
14.360, 0.000, 0.000, 1.047, 0.000, 0.226, -0.032
14.380, 0.000, 0.000, 1.047, 0.000, 0.225, -0.036
14.400, 0.000, 0.000, 1.047, 0.000, 0.224, -0.040
14.420, 0.000, 0.000, 1.047, 0.000, 0.223, -0.045
14.440, 0.000, 0.000, 1.047, 0.000, 0.222, -0.049
14.460, 0.000, 0.000, 1.047, 0.000, 0.221, -0.053
14.480, 0.000, 0.000, 1.047, 0.000, 0.220, -0.058
14.500, 0.000, 0.000, 1.047, 0.000, 0.219, -0.062
14.520, 0.000, 0.000, 1.047, 0.000, 0.217, -0.066
14.540, 0.000, 0.000, 1.047, 0.000, 0.216, -0.070
14.560, 0.000, 0.000, 0.931, 0.000, 0.196, -0.068
14.580, 0.000, 0.000, 0.586, 0.000, 0.128, -0.046
14.600, 0.000, 0.033, -0.852, -0.000, -0.124, 0.034
14.620, 0.000, -0.020, -1.035, -0.000, -0.213, 0.077
14.640, 0.000, -0.018, -1.046, -0.000, -0.220, 0.074
14.660, 0.000, -0.011, -1.047, -0.000, -0.220, 0.069
14.680, 0.000, -0.006, -1.047, -0.000, -0.220, 0.063
14.700, 0.000, -0.003, -1.047, -0.000, -0.221, 0.058
14.720, 0.000, -0.002, -1.047, -0.000, -0.222, 0.053
14.740, 0.000, -0.001, -1.047, -0.000, -0.223, 0.049
14.760, 0.000, -0.001, -1.047, -0.000, -0.223, 0.045
14.780, 0.000, -0.000, -1.047, -0.000, -0.224, 0.040
14.800, 0.000, 0.000, -1.047, -0.000, -0.225, 0.036
14.820, 0.000, 0.000, -1.047, -0.000, -0.226, 0.032
14.840, 0.000, 0.000, -1.047, -0.000, -0.226, 0.027
14.860, 0.000, 0.000, -1.047, -0.000, -0.227, 0.022
14.880, 0.000, 0.000, -1.047, -0.000, -0.227, 0.019
14.900, 0.000, 0.000, -1.047, -0.000, -0.228, 0.014
14.920, 0.000, 0.000, -1.034, -0.000, -0.223, 0.009
14.940, 0.000, 0.000, -0.715, -0.000, -0.166, 0.004
14.960, 0.000, 0.000, -0.419, -0.000, -0.099, 0.001
14.980, 0.000, 0.000, -0.235, -0.000, -0.056, 0.000
15.000, 0.000, 0.000, -0.130, -0.000, -0.031, 0.001
15.020, 0.000, 0.000, -0.072, -0.000, -0.017, 0.001
15.040, 0.000, 0.000, -0.040, -0.000, -0.009, 0.001
15.060, 0.000, 0.000, -0.022, -0.000, -0.005, 0.001
15.080, 0.000, 0.000, -0.012, -0.000, -0.003, 0.001
15.100, 0.000, 0.000, -0.007, -0.000, -0.002, 0.001
15.120, 0.000, 0.000, -0.004, -0.000, -0.001, 0.001
15.140, 0.000, 0.000, -0.002, -0.000, -0.000, 0.001
15.160, 0.000, 0.000, -0.001, -0.000, -0.000, 0.001
15.180, 0.000, 0.000, -0.001, -0.000, -0.000, 0.001
15.200, 0.000, 0.000, -0.000, -0.000, -0.000, 0.001
15.220, 0.000, 0.000, 0.000, -0.000, -0.000, 0.001
15.240, 0.000, 0.000, 0.000, -0.000, -0.000, 0.001
15.260, 0.000, 0.000, 0.000, -0.000, -0.000, 0.001
15.280, 0.000, 0.000, 0.000, -0.000, -0.000, 0.001
15.300, 0.000, 0.000, 0.000, -0.000, -0.000, 0.001
15.320, 0.000, 0.000, 0.000, -0.000, -0.000, 0.001
15.340, 0.000, 0.000, 0.000, -0.000, -0.000, 0.001
15.360, 0.000, 0.000, 0.000, -0.000, -0.000, 0.001
15.380, 0.000, 0.000, 0.000, -0.000, -0.000, 0.001
15.400, 0.000, 0.000, 0.000, -0.000, -0.000, 0.001
15.420, 0.000, 0.000, 0.000, -0.000, -0.000, 0.001
15.440, 0.000, 0.000, 0.000, -0.000, -0.000, 0.001
15.460, 0.000, 0.000, 0.000, -0.000, -0.000, 0.001
15.480, 0.000, 0.000, 0.000, -0.000, -0.000, 0.001
15.500, 0.000, 0.000, 0.000, -0.000, -0.000, 0.001
15.520, 0.000, 0.000, 0.000, -0.000, -0.000, 0.001
15.540, 0.000, 0.000, 0.000, -0.000, -0.000, 0.001
15.560, 0.000, 0.000, 0.000, -0.000, -0.000, 0.001
15.580, 0.000, 0.000, 0.000, -0.000, -0.000, 0.001
15.600, 0.000, 0.000, 0.000, -0.000, -0.000, 0.001
15.620, 0.000, 0.000, 0.000, -0.000, -0.000, 0.001
15.640, 0.000, 0.000, 0.000, -0.000, -0.000, 0.001
15.660, 0.000, 0.000, 0.000, -0.000, -0.000, 0.001
15.680, 0.000, 0.000, 0.000, -0.000, -0.000, 0.001
15.700, 0.000, 0.000, 0.000, -0.000, -0.000, 0.001
15.720, 0.000, 0.000, 0.000, -0.000, -0.000, 0.001
15.740, 0.000, 0.000, 0.000, -0.000, -0.000, 0.001
15.760, 0.000, 0.000, 0.000, -0.000, -0.000, 0.001
15.780, 0.000, 0.000, 0.000, -0.000, -0.000, 0.001
15.800, 0.000, 0.000, 0.000, -0.000, -0.000, 0.001
15.820, 0.000, 0.000, 0.000, -0.000, -0.000, 0.001
15.840, 0.000, 0.000, 0.000, -0.000, -0.000, 0.001
15.860, 0.000, 0.000, 0.000, -0.000, -0.000, 0.001
15.880, 0.000, 0.000, 0.000, -0.000, -0.000, 0.001
15.900, 0.000, 0.000, 0.000, -0.000, -0.000, 0.001
15.920, 0.000, 0.000, 0.000, -0.000, -0.000, 0.001
15.940, 0.000, 0.000, 0.000, -0.000, -0.000, 0.001
15.960, 0.000, 0.000, 0.000, -0.000, -0.000, 0.001
15.980, 0.000, 0.000, 0.000, -0.000, -0.000, 0.001
16.000, 0.000, 0.000, 0.000, -0.000, -0.000, 0.001
16.020, 0.000, 0.000, 0.000, -0.000, -0.000, 0.001
16.040, 0.000, 0.000, 0.000, -0.000, -0.000, 0.001
