Time (s),JointVel_1_R1,JointVel_2_R1,JointVel_3_R1,JointVel_1_R2,JointVel_2_R2,JointVel_3_R2,JointVel_1_L1,JointVel_2_L1,JointVel_3_L1,JointVel_1_L2,JointVel_2_L2,JointVel_3_L2,Body Vel X,Body Vel Y,Body Vel Z
1.000, 0.001, 0.000, -0.000, 0.001, -0.000, 0.000, 0.000, 0.000, -0.000, 0.000, -0.000, 0.000, -0.000, 0.000, -0.000
1.010, 0.001, 0.000, -0.000, 0.001, -0.000, 0.000, 0.000, 0.000, -0.000, 0.000, -0.000, 0.000, -0.000, 0.000, -0.000
1.020, -0.000, -0.000, 0.000, -0.000, 0.000, -0.000, -0.001, -0.000, 0.000, -0.001, 0.000, -0.000, 0.000, 0.000, -0.000
1.030, 0.000, 0.000, 0.000, 0.000, 0.000, 0.000, 0.000, 0.000, 0.000, 0.000, 0.000, 0.000, -0.000, 0.000, -0.000
1.040, 0.001, 0.000, -0.000, 0.001, -0.000, 0.000, 0.001, 0.000, -0.000, 0.001, -0.000, 0.001, -0.000, 0.000, -0.000
1.050, 0.000, 0.000, 0.000, 0.000, 0.000, 0.000, 0.000, 0.000, 0.000, 0.000, 0.000, 0.000, 0.000, 0.000, -0.000
1.060, -0.001, -0.000, 0.001, -0.001, 0.001, -0.001, -0.001, -0.000, 0.000, -0.001, 0.001, -0.000, 0.000, 0.000, -0.000
1.070, 0.000, 0.000, 0.000, 0.000, 0.000, 0.000, 0.000, 0.000, 0.000, 0.000, 0.000, 0.000, -0.000, 0.000, -0.000
1.080, 0.001, 0.000, -0.000, 0.001, -0.000, 0.000, 0.001, 0.000, -0.000, 0.001, -0.000, 0.001, -0.000, 0.000, -0.000
1.090, 0.000, 0.000, 0.000, 0.000, 0.000, 0.000, 0.000, 0.000, 0.000, 0.000, 0.000, 0.000, 0.000, 0.000, -0.000
1.100, -0.001, -0.000, 0.000, -0.001, 0.001, -0.000, -0.001, -0.000, 0.000, -0.001, 0.001, -0.000, 0.000, -0.000, -0.000
1.110, 0.000, 0.000, 0.000, 0.000, 0.000, 0.000, 0.000, 0.000, 0.000, 0.000, 0.000, 0.000, -0.000, -0.000, -0.000
1.120, 0.001, 0.000, -0.000, 0.001, -0.000, 0.000, 0.001, 0.000, -0.000, 0.001, -0.000, 0.000, -0.000, -0.000, -0.000
1.130, 0.000, 0.000, 0.000, 0.000, 0.000, 0.000, 0.000, 0.000, 0.000, 0.000, 0.000, 0.000, 0.000, -0.000, -0.000
1.140, -0.000, -0.000, -0.000, -0.000, 0.000, -0.000, -0.001, -0.000, 0.000, -0.001, 0.000, -0.000, 0.000, -0.000, -0.000
1.150, 0.001, 0.000, -0.000, 0.001, -0.000, 0.001, 0.000, 0.000, 0.000, 0.000, -0.000, 0.000, -0.000, 0.000, -0.000
1.160, 0.000, 0.000, 0.000, 0.000, 0.000, 0.000, 0.000, 0.000, 0.000, 0.000, 0.000, 0.000, 0.000, 0.000, -0.000
1.170, -0.001, -0.001, 0.001, -0.001, 0.000, -0.000, -0.001, -0.000, 0.001, -0.001, 0.000, -0.000, 0.000, 0.000, -0.000
1.180, 0.000, 0.000, 0.000, 0.000, 0.000, 0.000, 0.000, 0.000, 0.000, 0.000, 0.000, 0.000, -0.000, -0.000, -0.000
1.190, 0.001, 0.001, -0.000, 0.001, -0.000, 0.000, 0.001, 0.000, -0.000, 0.001, -0.000, 0.000, -0.000, -0.000, -0.000
1.200, 0.000, 0.000, 0.000, 0.000, 0.000, 0.000, 0.000, 0.000, 0.000, 0.000, 0.000, 0.000, 0.000, 0.000, -0.000
1.210, -0.001, -0.000, 0.000, -0.001, 0.001, -0.000, -0.001, -0.000, 0.000, -0.001, 0.001, -0.000, 0.000, -0.000, -0.000
1.220, 0.000, 0.000, 0.000, 0.000, 0.000, 0.000, 0.000, 0.000, 0.000, 0.000, 0.000, 0.000, -0.000, -0.000, -0.000
1.230, 0.001, 0.001, -0.000, 0.001, -0.000, 0.001, 0.001, 0.001, -0.000, 0.001, -0.000, 0.000, -0.000, -0.000, -0.000
1.240, 0.000, 0.000, 0.000, 0.000, 0.000, 0.000, 0.000, 0.000, 0.000, 0.000, 0.000, 0.000, 0.000, -0.000, -0.000
1.250, -0.001, -0.000, 0.000, -0.001, 0.001, -0.000, -0.001, -0.000, 0.000, -0.001, 0.001, -0.000, 0.000, -0.000, -0.000
1.260, 0.000, 0.000, 0.000, 0.000, 0.000, 0.000, 0.000, 0.000, 0.000, 0.000, 0.000, 0.000, -0.000, 0.000, -0.000
1.270, 0.001, 0.001, -0.000, 0.001, -0.000, 0.000, 0.001, 0.001, -0.000, 0.001, -0.000, 0.000, -0.000, 0.000, -0.000
1.280, 0.000, 0.000, 0.000, 0.000, 0.000, 0.000, 0.000, 0.000, 0.000, 0.000, 0.000, 0.000, 0.000, -0.000, -0.000
1.290, -0.001, -0.000, 0.000, -0.001, 0.001, -0.000, -0.001, -0.000, 0.001, -0.001, 0.001, -0.000, 0.000, -0.000, -0.000
1.300, 0.000, 0.000, 0.000, 0.000, 0.000, 0.000, 0.000, 0.000, 0.000, 0.000, 0.000, 0.000, -0.000, 0.000, -0.000
1.310, 0.000, 0.000, -0.000, 0.000, -0.000, 0.000, 0.001, 0.000, -0.000, 0.001, -0.000, 0.000, -0.000, 0.000, -0.000
1.320, -0.001, -0.000, 0.000, -0.001, 0.000, -0.000, -0.000, -0.000, 0.000, -0.000, 0.000, 0.000, 0.000, 0.000, -0.000
1.330, -0.000, 0.000, 0.000, -0.000, 0.000, -0.000, 0.001, -0.000, -0.000, 0.001, -0.000, 0.001, -0.000, 0.000, -0.000
1.340, 0.000, 0.000, -0.000, 0.000, -0.000, 0.000, 0.001, 0.000, -0.000, 0.001, -0.000, 0.000, -0.000, 0.000, -0.000
1.350, 0.000, 0.000, 0.000, 0.000, 0.000, 0.000, 0.000, -0.000, 0.000, 0.000, 0.000, 0.000, 0.000, 0.000, -0.000
1.360, -0.001, -0.001, 0.000, -0.001, 0.000, -0.000, -0.001, -0.001, 0.001, -0.001, 0.000, -0.000, 0.000, 0.000, -0.000
1.370, 0.000, 0.000, 0.000, 0.000, 0.000, 0.000, 0.000, 0.000, 0.000, 0.000, 0.000, 0.000, -0.000, 0.000, -0.000
1.380, 0.001, 0.001, -0.001, 0.001, -0.000, 0.001, 0.001, 0.001, -0.000, 0.001, -0.000, 0.000, -0.000, 0.000, -0.000
1.390, 0.000, 0.000, 0.000, 0.000, 0.000, 0.000, 0.000, 0.000, 0.000, 0.000, 0.000, 0.000, 0.000, 0.000, -0.000
1.400, -0.001, -0.000, 0.000, -0.001, 0.000, -0.000, -0.000, -0.000, 0.000, -0.000, 0.000, -0.000, 0.000, 0.000, -0.000
1.410, 0.000, 0.000, -0.000, 0.000, -0.000, 0.000, 0.001, 0.000, -0.000, 0.001, -0.000, 0.000, -0.000, 0.000, -0.000
1.420, -0.000, 0.000, 0.000, -0.000, 0.000, -0.000, 0.000, 0.000, 0.000, 0.000, 0.000, 0.000, 0.000, 0.000, -0.000
1.430, -0.001, -0.000, 0.000, -0.001, 0.000, -0.000, -0.001, -0.000, 0.000, -0.001, 0.000, -0.000, 0.000, 0.000, -0.000
1.440, 0.001, 0.000, -0.000, 0.001, -0.000, 0.000, 0.001, 0.000, -0.000, 0.001, -0.000, 0.000, -0.000, 0.000, -0.000
1.450, 0.001, 0.000, -0.000, 0.001, -0.000, 0.000, 0.000, 0.000, -0.000, 0.000, -0.000, 0.000, -0.000, 0.000, -0.000
1.460, -0.001, -0.000, 0.000, -0.001, 0.000, -0.000, -0.001, -0.000, 0.000, -0.001, 0.000, -0.000, 0.000, 0.000, -0.000
1.470, -0.001, -0.000, 0.000, -0.001, 0.000, -0.000, -0.001, -0.000, 0.000, -0.001, 0.000, -0.000, 0.000, 0.000, -0.000
1.480, 0.001, 0.000, -0.000, 0.001, -0.000, 0.000, 0.000, 0.000, -0.000, 0.001, -0.000, 0.000, -0.000, 0.000, -0.000
1.490, 0.001, 0.000, -0.000, 0.001, -0.000, 0.000, 0.001, 0.000, -0.000, 0.000, -0.000, 0.000, -0.000, 0.000, -0.000
1.500, -0.000, -0.000, 0.000, -0.001, 0.000, -0.000, -0.001, -0.000, 0.000, -0.001, 0.000, -0.000, 0.000, 0.000, -0.000
1.510, -0.000, -0.000, 0.000, -0.001, 0.000, -0.000, -0.001, -0.000, 0.000, -0.001, 0.000, -0.000, 0.000, 0.000, -0.000
1.520, 0.001, 0.000, -0.000, 0.001, -0.000, 0.000, 0.000, 0.000, -0.000, 0.000, -0.000, 0.000, -0.000, 0.000, -0.000
1.530, 0.001, 0.000, -0.000, 0.001, -0.000, 0.000, 0.000, 0.000, -0.000, 0.000, -0.000, 0.000, -0.000, 0.000, -0.000
1.540, -0.000, -0.000, 0.000, -0.000, 0.000, -0.000, -0.001, -0.000, 0.000, -0.001, 0.000, -0.000, 0.000, 0.000, -0.000
1.550, -0.000, -0.000, 0.000, -0.000, 0.000, -0.000, -0.001, -0.000, 0.000, -0.001, 0.000, -0.000, 0.000, 0.000, -0.000
1.560, 0.001, 0.000, -0.000, 0.001, -0.000, 0.000, 0.000, 0.000, -0.000, 0.000, -0.000, 0.000, -0.000, 0.000, -0.000
1.570, 0.000, 0.000, 0.000, 0.000, 0.000, 0.000, 0.000, 0.000, 0.000, 0.000, 0.000, 0.000, 0.000, 0.000, -0.000
1.580, -0.001, -0.000, 0.001, -0.001, 0.000, -0.000, 0.000, -0.000, -0.000, 0.000, 0.000, 0.000, 0.000, 0.000, -0.000
1.590, -0.000, 0.000, 0.000, 0.000, -0.000, 0.000, 0.001, 0.000, -0.000, 0.001, -0.000, 0.000, -0.000, 0.000, -0.000
1.600, 0.001, -0.000, -0.000, 0.001, -0.000, 0.001, -0.000, 0.000, 0.000, -0.000, -0.000, 0.000, 0.000, 0.000, -0.000
1.610, -0.000, -0.000, 0.000, -0.000, 0.000, 0.000, -0.000, -0.000, 0.000, -0.000, 0.000, 0.000, 0.000, 0.000, -0.000
1.620, 0.000, 0.000, 0.000, 0.000, -0.000, 0.000, 0.000, -0.000, -0.000, 0.000, -0.000, 0.001, -0.000, 0.000, -0.000
1.630, 0.001, 0.000, -0.000, 0.001, -0.000, 0.001, -0.000, 0.000, 0.000, -0.000, -0.000, 0.000, 0.000, 0.000, -0.000
1.640, -0.000, -0.000, 0.000, -0.000, 0.000, 0.000, -0.000, -0.000, 0.000, -0.000, 0.000, 0.000, 0.000, 0.000, -0.000
1.650, -0.000, 0.000, 0.000, -0.000, -0.000, 0.000, 0.001, 0.000, -0.000, 0.001, -0.000, 0.001, -0.000, 0.000, -0.000
1.660, 0.001, 0.000, -0.000, 0.001, -0.000, 0.001, -0.000, 0.000, 0.000, -0.000, 0.000, -0.000, 0.000, 0.000, -0.000
1.670, -0.000, -0.000, 0.000, -0.000, 0.000, 0.000, -0.000, -0.000, 0.000, -0.000, 0.000, -0.000, 0.000, 0.000, -0.000
1.680, -0.000, 0.000, 0.000, -0.000, -0.000, 0.000, 0.001, 0.000, -0.000, 0.001, -0.000, 0.001, -0.000, 0.000, -0.000
1.690, 0.001, 0.000, -0.000, 0.001, -0.000, 0.001, -0.000, 0.000, 0.000, -0.000, 0.000, 0.000, 0.000, 0.000, -0.000
1.700, -0.000, -0.000, 0.000, -0.000, 0.000, 0.000, -0.000, -0.000, 0.000, -0.000, 0.000, -0.000, 0.000, 0.000, -0.000
1.710, -0.000, 0.000, 0.000, -0.000, -0.000, 0.000, 0.001, 0.000, -0.000, 0.001, -0.000, 0.000, -0.000, 0.000, -0.000
1.720, 0.001, 0.000, -0.000, 0.001, -0.000, 0.001, -0.000, 0.000, 0.000, -0.000, 0.000, 0.000, 0.000, 0.000, -0.000
1.730, -0.000, -0.000, 0.000, -0.000, 0.000, -0.000, -0.000, -0.000, 0.000, -0.000, 0.000, -0.000, 0.000, 0.000, -0.000
1.740, -0.000, 0.000, 0.000, -0.000, 0.000, 0.000, 0.001, 0.000, -0.000, 0.001, -0.000, 0.000, -0.000, 0.000, -0.000
1.750, 0.001, 0.000, -0.000, 0.001, -0.000, 0.000, -0.000, 0.000, 0.000, -0.000, 0.000, 0.000, 0.000, 0.000, -0.000
1.760, -0.000, -0.000, 0.000, -0.000, 0.000, -0.000, -0.000, -0.000, 0.000, -0.000, 0.000, -0.000, 0.000, 0.000, -0.000
1.770, -0.000, 0.000, 0.000, -0.000, 0.000, 0.000, 0.001, 0.000, -0.000, 0.001, -0.000, 0.000, -0.000, 0.000, -0.000
1.780, 0.001, 0.000, -0.000, 0.001, -0.000, 0.000, -0.000, 0.000, 0.000, -0.000, 0.000, 0.000, 0.000, 0.000, -0.000
1.790, -0.000, -0.000, 0.000, -0.000, 0.000, -0.000, -0.000, -0.000, 0.000, -0.000, 0.000, -0.000, 0.000, 0.000, -0.000
1.800, -0.000, 0.000, 0.000, -0.000, 0.000, 0.000, 0.001, 0.000, -0.000, 0.001, -0.000, 0.000, -0.000, 0.000, -0.000
1.810, 0.001, 0.000, -0.000, 0.001, -0.000, 0.001, -0.000, 0.000, 0.000, -0.000, 0.000, 0.000, 0.000, 0.000, -0.000
1.820, -0.000, -0.000, 0.000, -0.000, 0.000, -0.000, -0.000, -0.000, 0.000, -0.000, 0.000, -0.000, 0.000, 0.000, -0.000
1.830, -0.000, 0.000, 0.000, -0.000, 0.000, 0.000, 0.001, 0.000, -0.000, 0.001, -0.000, 0.000, -0.000, 0.000, -0.000
1.840, 0.001, 0.000, -0.000, 0.001, -0.000, 0.000, -0.000, 0.000, 0.000, -0.000, 0.000, 0.000, 0.000, 0.000, -0.000
1.850, -0.000, -0.000, 0.000, -0.000, 0.000, -0.000, -0.000, -0.000, 0.000, -0.000, 0.000, -0.000, 0.000, 0.000, -0.000
1.860, -0.000, 0.000, 0.000, -0.000, 0.000, 0.000, 0.001, 0.000, -0.000, 0.001, -0.000, 0.000, -0.000, 0.000, -0.000
1.870, 0.001, 0.000, -0.000, 0.001, -0.000, 0.000, -0.000, 0.000, 0.000, -0.000, 0.000, 0.000, 0.000, 0.000, -0.000
1.880, -0.000, -0.000, 0.000, -0.000, 0.000, -0.000, -0.000, -0.000, 0.000, -0.000, 0.000, -0.000, 0.000, 0.000, -0.000
1.890, -0.000, 0.000, 0.000, -0.000, 0.000, 0.000, 0.001, 0.000, -0.000, 0.001, -0.000, 0.000, -0.000, 0.000, -0.000
1.900, 0.001, 0.000, -0.000, 0.001, -0.000, 0.000, -0.000, 0.000, 0.000, -0.000, 0.000, 0.000, 0.000, 0.000, -0.000
1.910, -0.000, -0.000, 0.000, -0.000, 0.000, -0.000, -0.000, -0.000, 0.000, -0.000, 0.000, -0.000, 0.000, 0.000, -0.000
1.920, -0.000, 0.000, 0.000, -0.000, 0.000, 0.000, 0.001, 0.000, -0.000, 0.001, -0.000, 0.000, -0.000, 0.000, -0.000
1.930, 0.001, 0.000, -0.000, 0.001, -0.000, 0.000, -0.000, 0.000, 0.000, -0.000, 0.000, 0.000, 0.000, 0.000, -0.000
1.940, -0.000, -0.000, 0.000, -0.000, 0.000, -0.000, -0.000, -0.000, 0.000, -0.000, 0.000, -0.000, 0.000, 0.000, -0.000
1.950, -0.000, 0.000, 0.000, -0.000, 0.000, 0.000, 0.001, 0.000, -0.000, 0.001, -0.000, 0.000, -0.000, 0.000, -0.000
1.960, 0.001, 0.000, -0.000, 0.001, -0.000, 0.000, -0.000, 0.000, 0.000, -0.000, 0.000, 0.000, 0.000, 0.000, -0.000
1.970, -0.000, -0.000, 0.000, -0.000, 0.000, -0.000, -0.000, -0.000, 0.000, -0.000, 0.000, -0.000, 0.000, 0.000, -0.000
1.980, -0.000, 0.000, 0.000, -0.000, 0.000, 0.000, 0.001, 0.000, -0.000, 0.001, -0.000, 0.000, -0.000, 0.000, -0.000
1.990, -1.386, -0.230, 0.212, -1.386, 0.230, -0.212, -1.387, -0.230, 0.212, -1.387, 0.230, -0.212, 0.563, 0.000, 0.000
2.000, -3.990, -0.593, 0.688, -3.987, 0.614, -0.424, -3.990, -0.593, 0.689, -3.988, 0.614, -0.424, 1.239, 0.000, 0.008
2.010, -4.454, -0.356, 0.827, -4.450, 0.426, 0.107, -4.455, -0.356, 0.827, -4.451, 0.426, 0.107, 1.199, 0.000, 0.008
2.020, -3.101, 0.297, 0.248, -3.105, -0.202, 0.708, -3.101, 0.297, 0.248, -3.105, -0.202, 0.708, 0.923, 0.000, -0.014
2.030, -1.999, 0.801, -0.332, -2.007, -0.685, 1.037, -1.999, 0.801, -0.332, -2.007, -0.685, 1.037, 0.693, 0.000, -0.042
2.040, -1.160, 1.146, -0.787, -1.160, -1.005, 1.190, -1.160, 1.146, -0.787, -1.160, -1.005, 1.190, 0.506, 0.000, -0.066
2.050, -0.539, 1.356, -1.098, -0.523, -1.177, 1.222, -0.538, 1.356, -1.098, -0.523, -1.177, 1.222, 0.354, 0.000, -0.082
2.060, -0.092, 1.452, -1.271, -0.056, -1.223, 1.168, -0.092, 1.452, -1.271, -0.056, -1.223, 1.168, 0.231, -0.000, -0.090
2.070, 0.217, 1.455, -1.328, 0.273, -1.171, 1.054, 0.218, 1.455, -1.328, 0.273, -1.171, 1.054, 0.132, -0.000, -0.091
2.080, 0.423, 1.382, -1.292, 0.492, -1.050, 0.900, 0.423, 1.382, -1.292, 0.493, -1.050, 0.901, 0.053, -0.000, -0.086
2.090, 0.551, 1.249, -1.187, 0.627, -0.885, 0.725, 0.552, 1.249, -1.187, 0.628, -0.885, 0.725, -0.012, -0.000, -0.077
2.100, 0.626, 1.071, -1.034, 0.700, -0.699, 0.541, 0.626, 1.071, -1.034, 0.700, -0.699, 0.542, -0.064, -0.000, -0.064
2.110, 0.665, 0.862, -0.851, 0.729, -0.510, 0.361, 0.665, 0.862, -0.851, 0.730, -0.510, 0.361, -0.107, -0.000, -0.049
2.120, 0.682, 0.634, -0.653, 0.731, -0.329, 0.192, 0.683, 0.634, -0.653, 0.732, -0.329, 0.192, -0.143, -0.000, -0.032
2.130, 0.689, 0.400, -0.452, 0.719, -0.164, 0.039, 0.689, 0.400, -0.452, 0.719, -0.164, 0.039, -0.175, -0.000, -0.014
2.140, 0.690, 0.169, -0.254, 0.701, -0.018, -0.095, 0.691, 0.169, -0.254, 0.701, -0.018, -0.094, -0.203, -0.000, 0.003
2.150, 0.693, -0.051, -0.067, 0.685, 0.106, -0.208, 0.693, -0.051, -0.067, 0.685, 0.106, -0.208, -0.229, -0.000, 0.020
2.160, 0.698, -0.253, 0.106, 0.674, 0.209, -0.302, 0.698, -0.253, 0.106, 0.674, 0.209, -0.302, -0.253, 0.000, 0.035
2.170, 0.707, -0.433, 0.260, 0.669, 0.294, -0.378, 0.708, -0.433, 0.260, 0.670, 0.294, -0.378, -0.275, 0.000, 0.048
2.180, 0.720, -0.586, 0.395, 0.673, 0.363, -0.439, 0.720, -0.586, 0.395, 0.673, 0.363, -0.439, -0.295, 0.000, 0.058
2.190, 0.736, -0.712, 0.509, 0.682, 0.418, -0.486, 0.736, -0.712, 0.509, 0.682, 0.418, -0.486, -0.314, 0.000, 0.065
2.200, 0.753, -0.809, 0.602, 0.697, 0.461, -0.522, 0.753, -0.809, 0.602, 0.697, 0.461, -0.522, -0.330, 0.000, 0.070
2.210, 0.770, -0.878, 0.673, 0.714, 0.495, -0.548, 0.770, -0.878, 0.673, 0.714, 0.495, -0.548, -0.344, 0.000, 0.071
2.220, 0.785, -0.921, 0.724, 0.732, 0.522, -0.566, 0.785, -0.921, 0.724, 0.732, 0.522, -0.566, -0.355, 0.000, 0.070
2.230, 0.797, -0.940, 0.755, 0.749, 0.542, -0.578, 0.797, -0.940, 0.755, 0.749, 0.542, -0.578, -0.362, 0.000, 0.066
2.240, 0.804, -0.937, 0.769, 0.762, 0.558, -0.583, 0.804, -0.937, 0.769, 0.762, 0.558, -0.583, -0.366, 0.000, 0.060
2.250, 0.804, -0.915, 0.766, 0.769, 0.568, -0.583, 0.804, -0.915, 0.766, 0.769, 0.568, -0.583, -0.366, 0.000, 0.053
2.260, 0.798, -0.878, 0.749, 0.770, 0.574, -0.578, 0.798, -0.878, 0.749, 0.770, 0.574, -0.578, -0.362, 0.000, 0.045
2.270, 0.785, -0.829, 0.720, 0.763, 0.576, -0.569, 0.785, -0.829, 0.720, 0.763, 0.576, -0.569, -0.355, 0.000, 0.035
2.280, 0.763, -0.770, 0.681, 0.748, 0.573, -0.555, 0.763, -0.770, 0.681, 0.748, 0.573, -0.555, -0.343, 0.000, 0.026
2.290, 0.734, -0.706, 0.635, 0.725, 0.565, -0.537, 0.734, -0.706, 0.635, 0.725, 0.565, -0.537, -0.328, 0.000, 0.017
2.300, 0.698, -0.637, 0.583, 0.694, 0.552, -0.515, 0.698, -0.637, 0.583, 0.694, 0.552, -0.515, -0.311, 0.000, 0.009
2.310, 0.655, -0.567, 0.528, 0.656, 0.534, -0.490, 0.655, -0.567, 0.528, 0.656, 0.534, -0.490, -0.290, 0.000, 0.001
2.320, 0.607, -0.498, 0.471, 0.611, 0.511, -0.461, 0.607, -0.498, 0.471, 0.611, 0.511, -0.461, -0.267, 0.000, -0.005
2.330, 0.554, -0.430, 0.413, 0.560, 0.482, -0.429, 0.554, -0.430, 0.413, 0.560, 0.482, -0.429, -0.243, 0.000, -0.010
2.340, 0.498, -0.365, 0.355, 0.506, 0.448, -0.394, 0.498, -0.365, 0.355, 0.506, 0.448, -0.394, -0.217, 0.000, -0.014
2.350, 0.439, -0.303, 0.300, 0.447, 0.410, -0.357, 0.439, -0.303, 0.300, 0.448, 0.410, -0.357, -0.190, 0.000, -0.017
2.360, 0.379, -0.246, 0.246, 0.387, 0.368, -0.317, 0.379, -0.246, 0.246, 0.387, 0.367, -0.317, -0.163, 0.000, -0.018
2.370, 0.318, -0.193, 0.196, 0.326, 0.322, -0.276, 0.318, -0.193, 0.195, 0.326, 0.322, -0.276, -0.136, 0.000, -0.018
2.380, 0.257, -0.144, 0.148, 0.265, 0.273, -0.233, 0.257, -0.144, 0.148, 0.265, 0.273, -0.233, -0.109, 0.000, -0.017
2.390, 0.198, -0.100, 0.104, 0.204, 0.223, -0.190, 0.198, -0.100, 0.104, 0.204, 0.223, -0.190, -0.082, 0.000, -0.016
2.400, 0.140, -0.060, 0.063, 0.145, 0.172, -0.147, 0.140, -0.060, 0.063, 0.145, 0.172, -0.147, -0.057, 0.000, -0.014
2.410, 0.085, -0.023, 0.026, 0.089, 0.122, -0.104, 0.085, -0.023, 0.026, 0.089, 0.121, -0.104, -0.033, 0.000, -0.011
2.420, 0.033, 0.010, -0.008, 0.035, 0.071, -0.062, 0.033, 0.010, -0.008, 0.035, 0.071, -0.062, -0.010, 0.000, -0.008
2.430, -0.016, 0.039, -0.039, -0.015, 0.023, -0.022, -0.016, 0.039, -0.039, -0.015, 0.023, -0.022, 0.011, 0.000, -0.005
2.440, -0.061, 0.066, -0.067, -0.062, -0.023, 0.016, -0.061, 0.066, -0.067, -0.062, -0.023, 0.016, 0.031, 0.000, -0.003
2.450, -0.102, 0.090, -0.092, -0.104, -0.065, 0.052, -0.102, 0.090, -0.092, -0.104, -0.065, 0.052, 0.049, 0.000, -0.000
2.460, -0.139, 0.112, -0.114, -0.142, -0.104, 0.086, -0.139, 0.112, -0.114, -0.142, -0.105, 0.086, 0.065, 0.000, 0.002
2.470, -0.172, 0.132, -0.133, -0.176, -0.139, 0.116, -0.172, 0.132, -0.133, -0.176, -0.140, 0.116, 0.080, 0.000, 0.004
2.480, -0.200, 0.149, -0.150, -0.205, -0.170, 0.142, -0.200, 0.149, -0.150, -0.205, -0.170, 0.142, 0.092, 0.000, 0.006
2.490, -0.224, 0.164, -0.165, -0.229, -0.196, 0.165, -0.224, 0.164, -0.165, -0.229, -0.196, 0.165, 0.102, 0.000, 0.007
2.500, -0.244, 0.177, -0.177, -0.250, -0.217, 0.184, -0.244, 0.177, -0.177, -0.250, -0.217, 0.184, 0.111, 0.000, 0.008
2.510, -0.260, 0.188, -0.187, -0.265, -0.233, 0.200, -0.260, 0.188, -0.187, -0.265, -0.233, 0.200, 0.118, 0.000, 0.008
2.520, -0.272, 0.197, -0.194, -0.277, -0.245, 0.211, -0.272, 0.197, -0.194, -0.277, -0.245, 0.211, 0.123, 0.000, 0.008
2.530, -0.280, 0.204, -0.199, -0.284, -0.252, 0.219, -0.280, 0.204, -0.199, -0.284, -0.252, 0.219, 0.126, 0.000, 0.008
2.540, -0.284, 0.209, -0.203, -0.288, -0.255, 0.224, -0.284, 0.209, -0.203, -0.288, -0.255, 0.224, 0.127, 0.000, 0.007
2.550, -0.285, 0.212, -0.204, -0.288, -0.254, 0.225, -0.285, 0.212, -0.204, -0.288, -0.254, 0.225, 0.127, 0.000, 0.006
2.560, -0.282, 0.212, -0.203, -0.285, -0.250, 0.223, -0.282, 0.212, -0.203, -0.285, -0.250, 0.223, 0.126, 0.000, 0.005
2.570, -0.277, 0.211, -0.200, -0.279, -0.243, 0.218, -0.277, 0.211, -0.200, -0.279, -0.243, 0.218, 0.123, 0.000, 0.004
2.580, -0.268, 0.207, -0.195, -0.269, -0.233, 0.210, -0.268, 0.207, -0.195, -0.269, -0.233, 0.210, 0.119, 0.000, 0.003
2.590, -0.257, 0.202, -0.188, -0.258, -0.221, 0.201, -0.257, 0.202, -0.188, -0.258, -0.221, 0.201, 0.114, 0.000, 0.002
2.600, -0.244, 0.194, -0.180, -0.244, -0.207, 0.189, -0.244, 0.194, -0.180, -0.244, -0.207, 0.189, 0.107, 0.000, 0.001
2.610, -0.229, 0.185, -0.171, -0.228, -0.192, 0.176, -0.229, 0.185, -0.171, -0.228, -0.192, 0.176, 0.100, 0.000, 0.000
2.620, -0.212, 0.174, -0.160, -0.211, -0.175, 0.162, -0.212, 0.174, -0.160, -0.211, -0.175, 0.162, 0.093, 0.000, -0.000
2.630, -0.194, 0.162, -0.148, -0.193, -0.158, 0.147, -0.194, 0.162, -0.148, -0.193, -0.158, 0.147, 0.085, 0.000, -0.001
2.640, -0.175, 0.149, -0.135, -0.173, -0.141, 0.131, -0.175, 0.149, -0.135, -0.173, -0.141, 0.131, 0.076, 0.000, -0.002
2.650, -0.155, 0.134, -0.122, -0.153, -0.123, 0.115, -0.155, 0.134, -0.121, -0.153, -0.123, 0.115, 0.067, 0.000, -0.002
2.660, -0.135, 0.119, -0.107, -0.133, -0.106, 0.099, -0.135, 0.119, -0.107, -0.133, -0.106, 0.099, 0.058, 0.000, -0.002
2.670, -0.114, 0.103, -0.093, -0.113, -0.089, 0.083, -0.114, 0.103, -0.093, -0.113, -0.089, 0.084, 0.049, 0.000, -0.002
2.680, -0.094, 0.086, -0.078, -0.093, -0.072, 0.068, -0.094, 0.086, -0.078, -0.092, -0.072, 0.068, 0.040, 0.000, -0.002
2.690, -0.074, 0.070, -0.063, -0.073, -0.056, 0.053, -0.074, 0.070, -0.063, -0.073, -0.056, 0.053, 0.031, -0.000, -0.002
2.700, -0.054, 0.053, -0.048, -0.053, -0.040, 0.038, -0.054, 0.053, -0.048, -0.053, -0.040, 0.038, 0.022, -0.000, -0.002
2.710, -0.036, 0.037, -0.034, -0.035, -0.026, 0.024, -0.036, 0.037, -0.034, -0.035, -0.026, 0.024, 0.014, -0.000, -0.002
2.720, -0.018, 0.022, -0.020, -0.017, -0.012, 0.011, -0.018, 0.022, -0.020, -0.017, -0.012, 0.011, 0.006, -0.000, -0.001
2.730, -0.001, 0.007, -0.007, -0.000, 0.001, -0.001, -0.001, 0.007, -0.007, -0.000, 0.001, -0.001, -0.001, -0.000, -0.001
2.740, 0.015, -0.007, 0.006, 0.015, 0.012, -0.012, 0.015, -0.007, 0.006, 0.015, 0.012, -0.012, -0.008, -0.000, -0.001
2.750, 0.029, -0.020, 0.017, 0.029, 0.023, -0.022, 0.029, -0.020, 0.017, 0.029, 0.023, -0.022, -0.014, -0.000, -0.000
2.760, 0.042, -0.032, 0.028, 0.042, 0.033, -0.032, 0.042, -0.032, 0.028, 0.042, 0.033, -0.032, -0.020, -0.000, 0.000
2.770, 0.054, -0.042, 0.037, 0.054, 0.042, -0.040, 0.054, -0.042, 0.037, 0.054, 0.042, -0.040, -0.025, -0.000, 0.000
2.780, 0.064, -0.052, 0.046, 0.064, 0.050, -0.047, 0.064, -0.052, 0.046, 0.064, 0.050, -0.047, -0.029, -0.000, 0.000
2.790, 0.072, -0.060, 0.053, 0.072, 0.056, -0.054, 0.073, -0.060, 0.053, 0.072, 0.056, -0.054, -0.033, -0.000, 0.001
2.800, 0.080, -0.066, 0.059, 0.080, 0.062, -0.059, 0.080, -0.066, 0.059, 0.080, 0.062, -0.059, -0.036, -0.000, 0.001
2.810, 0.086, -0.072, 0.064, 0.085, 0.067, -0.063, 0.086, -0.072, 0.064, 0.085, 0.067, -0.063, -0.039, -0.000, 0.001
2.820, 0.090, -0.076, 0.068, 0.090, 0.070, -0.066, 0.090, -0.076, 0.068, 0.090, 0.070, -0.066, -0.040, -0.000, 0.001
2.830, 0.093, -0.079, 0.071, 0.093, 0.073, -0.069, 0.093, -0.079, 0.071, 0.093, 0.073, -0.069, -0.042, -0.000, 0.001
2.840, 0.095, -0.080, 0.072, 0.095, 0.075, -0.070, 0.095, -0.080, 0.072, 0.095, 0.075, -0.070, -0.042, -0.000, 0.001
2.850, 0.096, -0.081, 0.073, 0.096, 0.076, -0.071, 0.096, -0.081, 0.073, 0.096, 0.076, -0.071, -0.043, -0.000, 0.001
2.860, 0.095, -0.080, 0.073, 0.095, 0.075, -0.071, 0.095, -0.080, 0.073, 0.095, 0.075, -0.071, -0.042, 0.000, 0.001
2.870, 0.093, -0.079, 0.072, 0.093, 0.075, -0.070, 0.094, -0.079, 0.071, 0.094, 0.075, -0.069, -0.041, -0.000, 0.000
2.880, 0.091, -0.076, 0.070, 0.091, 0.073, -0.068, 0.091, -0.076, 0.069, 0.091, 0.073, -0.068, -0.040, 0.000, 0.000
2.890, 0.087, -0.073, 0.067, 0.088, 0.071, -0.066, 0.087, -0.073, 0.067, 0.088, 0.071, -0.066, -0.039, 0.000, 0.000
2.900, 0.083, -0.069, 0.064, 0.083, 0.068, -0.063, 0.083, -0.070, 0.064, 0.084, 0.068, -0.063, -0.037, 0.000, 0.000
2.910, 0.078, -0.065, 0.060, 0.078, 0.064, -0.059, 0.078, -0.065, 0.060, 0.079, 0.064, -0.059, -0.034, 0.000, -0.000
2.920, 0.073, -0.061, 0.056, 0.073, 0.060, -0.055, 0.073, -0.061, 0.056, 0.073, 0.060, -0.055, -0.032, 0.000, -0.000
2.930, 0.067, -0.056, 0.051, 0.067, 0.056, -0.051, 0.067, -0.056, 0.051, 0.067, 0.056, -0.051, -0.029, 0.000, -0.000
2.940, 0.060, -0.050, 0.046, 0.061, 0.051, -0.047, 0.060, -0.050, 0.046, 0.061, 0.051, -0.047, -0.026, 0.000, -0.000
2.950, 0.054, -0.045, 0.041, 0.054, 0.046, -0.042, 0.054, -0.045, 0.041, 0.054, 0.046, -0.042, -0.024, 0.000, -0.000
2.960, 0.047, -0.039, 0.036, 0.048, 0.040, -0.037, 0.047, -0.039, 0.036, 0.048, 0.040, -0.037, -0.021, 0.000, -0.000
2.970, 0.040, -0.033, 0.031, 0.041, 0.035, -0.032, 0.040, -0.033, 0.031, 0.041, 0.035, -0.032, -0.017, 0.000, -0.000
2.980, 0.034, -0.028, 0.026, 0.034, 0.029, -0.027, 0.033, -0.028, 0.026, 0.034, 0.029, -0.027, -0.014, 0.000, -0.000
2.990, 0.027, -0.022, 0.021, 0.027, 0.024, -0.022, 0.027, -0.022, 0.021, 0.027, 0.024, -0.022, -0.011, 0.000, -0.000
3.000, 0.020, -0.017, 0.016, 0.021, 0.018, -0.017, 0.020, -0.017, 0.016, 0.021, 0.018, -0.017, -0.009, 0.000, -0.000
3.010, 0.014, -0.012, 0.011, 0.014, 0.013, -0.012, 0.014, -0.012, 0.011, 0.014, 0.013, -0.012, -0.006, 0.000, -0.000
3.020, 0.008, -0.007, 0.006, 0.008, 0.008, -0.007, 0.008, -0.007, 0.006, 0.008, 0.008, -0.008, -0.003, 0.000, -0.000
3.030, 0.002, -0.002, 0.002, 0.003, 0.003, -0.003, 0.002, -0.002, 0.002, 0.002, 0.003, -0.003, -0.001, 0.000, -0.000
3.040, -0.003, 0.002, -0.002, -0.003, -0.001, 0.001, -0.003, 0.002, -0.002, -0.003, -0.001, 0.001, 0.002, 0.000, -0.000
3.050, -0.008, 0.006, -0.006, -0.008, -0.006, 0.005, -0.008, 0.006, -0.006, -0.008, -0.006, 0.005, 0.004, 0.000, -0.000
3.060, -0.013, 0.010, -0.009, -0.012, -0.009, 0.009, -0.013, 0.010, -0.009, -0.012, -0.009, 0.008, 0.006, 0.000, -0.000
3.070, -0.017, 0.013, -0.012, -0.016, -0.013, 0.012, -0.017, 0.013, -0.012, -0.016, -0.013, 0.012, 0.008, 0.000, -0.000
3.080, -0.020, 0.016, -0.015, -0.020, -0.016, 0.014, -0.020, 0.016, -0.015, -0.020, -0.016, 0.014, 0.009, 0.000, -0.000
3.090, -0.023, 0.018, -0.017, -0.023, -0.019, 0.017, -0.023, 0.018, -0.017, -0.023, -0.019, 0.017, 0.011, 0.000, -0.000
3.100, -0.026, 0.020, -0.019, -0.026, -0.021, 0.019, -0.026, 0.020, -0.019, -0.026, -0.021, 0.019, 0.012, 0.000, -0.000
3.110, -0.028, 0.022, -0.021, -0.028, -0.023, 0.021, -0.028, 0.022, -0.021, -0.028, -0.023, 0.021, 0.013, 0.000, -0.000
3.120, -0.030, 0.024, -0.022, -0.029, -0.024, 0.022, -0.030, 0.024, -0.022, -0.029, -0.024, 0.022, 0.013, 0.000, -0.000
3.130, -0.031, 0.025, -0.023, -0.031, -0.025, 0.023, -0.031, 0.025, -0.023, -0.031, -0.025, 0.023, 0.014, 0.000, -0.000
3.140, -0.031, 0.026, -0.024, -0.031, -0.026, 0.024, -0.031, 0.026, -0.024, -0.030, -0.026, 0.024, 0.014, 0.000, -0.000
3.150, -0.031, 0.026, -0.024, -0.030, -0.027, 0.024, -0.030, 0.026, -0.024, -0.030, -0.027, 0.024, 0.014, 0.000, -0.000
3.160, -0.030, 0.026, -0.024, -0.030, -0.027, 0.024, -0.030, 0.026, -0.024, -0.030, -0.027, 0.024, 0.013, 0.000, -0.000
3.170, -0.029, 0.026, -0.024, -0.029, -0.026, 0.024, -0.029, 0.026, -0.024, -0.029, -0.026, 0.024, 0.013, 0.000, -0.000
3.180, -0.028, 0.025, -0.023, -0.028, -0.026, 0.023, -0.028, 0.025, -0.023, -0.028, -0.026, 0.023, 0.013, 0.000, -0.000
3.190, -0.027, 0.024, -0.022, -0.027, -0.025, 0.023, -0.027, 0.024, -0.022, -0.027, -0.025, 0.023, 0.012, 0.000, -0.000
3.200, -0.026, 0.023, -0.021, -0.025, -0.023, 0.021, -0.026, 0.023, -0.021, -0.025, -0.023, 0.021, 0.012, 0.000, -0.000
3.210, -0.024, 0.021, -0.020, -0.024, -0.022, 0.020, -0.024, 0.021, -0.020, -0.024, -0.022, 0.020, 0.011, 0.000, -0.000
3.220, -0.023, 0.020, -0.018, -0.022, -0.020, 0.018, -0.023, 0.020, -0.018, -0.022, -0.020, 0.018, 0.010, 0.000, -0.000
3.230, -0.022, 0.018, -0.017, -0.021, -0.018, 0.017, -0.022, 0.018, -0.017, -0.021, -0.018, 0.017, 0.010, 0.000, -0.000
3.240, -0.021, 0.016, -0.015, -0.020, -0.016, 0.015, -0.021, 0.016, -0.015, -0.020, -0.016, 0.015, 0.009, 0.000, -0.000
3.250, -0.019, 0.014, -0.013, -0.019, -0.014, 0.013, -0.019, 0.014, -0.013, -0.019, -0.014, 0.013, 0.008, 0.000, -0.000
3.260, -0.017, 0.013, -0.012, -0.017, -0.013, 0.012, -0.017, 0.013, -0.012, -0.017, -0.013, 0.012, 0.007, 0.000, -0.000
3.270, -0.015, 0.011, -0.010, -0.015, -0.011, 0.010, -0.015, 0.011, -0.010, -0.015, -0.011, 0.010, 0.006, 0.000, -0.000
3.280, -0.013, 0.009, -0.009, -0.013, -0.009, 0.008, -0.013, 0.009, -0.009, -0.013, -0.009, 0.008, 0.005, 0.000, -0.000
3.290, -0.011, 0.008, -0.007, -0.011, -0.008, 0.007, -0.011, 0.008, -0.007, -0.011, -0.008, 0.007, 0.004, 0.000, -0.000
3.300, -0.009, 0.006, -0.006, -0.009, -0.006, 0.006, -0.009, 0.006, -0.006, -0.009, -0.006, 0.006, 0.004, 0.000, -0.000
3.310, -0.007, 0.005, -0.004, -0.007, -0.005, 0.004, -0.007, 0.005, -0.004, -0.007, -0.005, 0.004, 0.003, 0.000, -0.000
3.320, -0.005, 0.003, -0.003, -0.005, -0.003, 0.003, -0.005, 0.003, -0.003, -0.005, -0.003, 0.003, 0.002, 0.000, -0.000
3.330, -0.003, 0.002, -0.002, -0.003, -0.002, 0.002, -0.003, 0.002, -0.002, -0.003, -0.002, 0.002, 0.001, 0.000, -0.000
3.340, -0.001, 0.001, -0.001, -0.001, -0.001, 0.000, -0.001, 0.001, -0.001, -0.001, -0.001, 0.000, 0.000, 0.000, -0.000
3.350, 0.001, -0.001, 0.001, 0.001, 0.001, -0.001, 0.001, -0.001, 0.001, 0.001, 0.001, -0.001, -0.001, 0.000, -0.000
3.360, 0.002, -0.002, 0.002, 0.003, 0.002, -0.002, 0.002, -0.002, 0.002, 0.003, 0.002, -0.002, -0.001, 0.000, -0.000
3.370, 0.004, -0.003, 0.003, 0.004, 0.003, -0.003, 0.004, -0.003, 0.003, 0.004, 0.003, -0.003, -0.002, 0.000, -0.000
3.380, 0.005, -0.004, 0.004, 0.005, 0.004, -0.004, 0.005, -0.004, 0.004, 0.005, 0.004, -0.004, -0.002, 0.000, -0.000
3.390, 0.006, -0.005, 0.004, 0.006, 0.005, -0.004, 0.006, -0.005, 0.004, 0.006, 0.005, -0.004, -0.003, 0.000, -0.000
3.400, 0.007, -0.006, 0.005, 0.007, 0.006, -0.005, 0.007, -0.006, 0.005, 0.007, 0.005, -0.005, -0.003, 0.000, -0.000
3.410, 0.007, -0.006, 0.005, 0.007, 0.005, -0.005, 0.007, -0.006, 0.005, 0.007, 0.005, -0.005, -0.003, 0.000, -0.000
3.420, 0.007, -0.006, 0.005, 0.007, 0.005, -0.005, 0.007, -0.006, 0.005, 0.007, 0.005, -0.005, -0.003, 0.000, -0.000
3.430, 0.007, -0.006, 0.005, 0.007, 0.005, -0.005, 0.007, -0.006, 0.005, 0.007, 0.005, -0.005, -0.003, 0.000, -0.000
3.440, 0.006, -0.005, 0.005, 0.006, 0.005, -0.005, 0.006, -0.005, 0.005, 0.006, 0.005, -0.005, -0.003, 0.000, -0.000
3.450, 0.005, -0.005, 0.004, 0.006, 0.004, -0.004, 0.005, -0.005, 0.004, 0.006, 0.004, -0.004, -0.002, 0.000, -0.000
3.460, 0.005, -0.004, 0.004, 0.005, 0.004, -0.003, 0.005, -0.004, 0.004, 0.005, 0.004, -0.003, -0.002, 0.000, -0.000
3.470, 0.004, -0.004, 0.003, 0.005, 0.003, -0.003, 0.004, -0.004, 0.003, 0.005, 0.003, -0.003, -0.002, 0.000, -0.000
3.480, 0.004, -0.003, 0.003, 0.004, 0.003, -0.003, 0.004, -0.003, 0.003, 0.004, 0.003, -0.003, -0.002, 0.000, -0.000
3.490, 0.004, -0.003, 0.003, 0.004, 0.003, -0.003, 0.004, -0.003, 0.003, 0.004, 0.003, -0.003, -0.002, 0.000, -0.000
3.500, 0.003, -0.003, 0.003, 0.004, 0.003, -0.002, 0.003, -0.003, 0.003, 0.004, 0.003, -0.002, -0.002, 0.000, -0.000
3.510, 0.003, -0.003, 0.002, 0.003, 0.002, -0.002, 0.003, -0.003, 0.002, 0.003, 0.002, -0.002, -0.001, 0.000, -0.000
3.520, 0.003, -0.003, 0.002, 0.003, 0.002, -0.002, 0.003, -0.003, 0.002, 0.003, 0.002, -0.002, -0.001, 0.000, -0.000
3.530, 0.003, -0.002, 0.002, 0.003, 0.002, -0.002, 0.003, -0.002, 0.002, 0.003, 0.002, -0.002, -0.001, 0.000, -0.000
3.540, 0.003, -0.002, 0.002, 0.003, 0.002, -0.002, 0.003, -0.002, 0.002, 0.003, 0.002, -0.002, -0.001, 0.000, -0.000
3.550, 0.002, -0.002, 0.002, 0.003, 0.002, -0.002, 0.002, -0.002, 0.002, 0.003, 0.002, -0.002, -0.001, 0.000, -0.000
3.560, 0.002, -0.002, 0.002, 0.002, 0.002, -0.002, 0.002, -0.002, 0.002, 0.002, 0.002, -0.002, -0.001, 0.000, -0.000
3.570, 0.002, -0.002, 0.002, 0.002, 0.002, -0.002, 0.002, -0.002, 0.002, 0.002, 0.002, -0.002, -0.001, 0.000, -0.000
3.580, 0.002, -0.002, 0.002, 0.002, 0.002, -0.001, 0.002, -0.002, 0.002, 0.002, 0.002, -0.001, -0.001, 0.000, -0.000
3.590, 0.002, -0.002, 0.001, 0.002, 0.002, -0.001, 0.002, -0.002, 0.001, 0.002, 0.002, -0.001, -0.001, 0.000, -0.000
3.600, 0.002, -0.002, 0.001, 0.002, 0.001, -0.001, 0.002, -0.001, 0.001, 0.002, 0.001, -0.001, -0.001, 0.000, -0.000
3.610, 0.002, -0.001, 0.001, 0.002, 0.001, -0.001, 0.002, -0.001, 0.001, 0.002, 0.001, -0.001, -0.001, 0.000, -0.000
3.620, 0.002, -0.001, 0.001, 0.002, 0.001, -0.001, 0.002, -0.001, 0.001, 0.002, 0.001, -0.001, -0.001, 0.000, -0.000
3.630, 0.002, -0.001, 0.001, 0.002, 0.001, -0.001, 0.002, -0.001, 0.001, 0.002, 0.001, -0.001, -0.001, 0.000, -0.000
3.640, 0.002, -0.001, 0.001, 0.002, 0.001, -0.001, 0.002, -0.001, 0.001, 0.002, 0.001, -0.001, -0.001, 0.000, -0.000
3.650, 0.002, -0.001, 0.001, 0.002, 0.001, -0.001, 0.002, -0.001, 0.001, 0.002, 0.001, -0.001, -0.001, 0.000, -0.000
3.660, 0.002, -0.001, 0.001, 0.002, 0.001, -0.001, 0.002, -0.001, 0.001, 0.002, 0.001, -0.001, -0.001, 0.000, -0.000
3.670, 0.002, -0.001, 0.001, 0.002, 0.001, -0.001, 0.002, -0.001, 0.001, 0.002, 0.001, -0.001, -0.001, 0.000, -0.000
3.680, 0.002, -0.001, 0.001, 0.002, 0.001, -0.001, 0.002, -0.001, 0.001, 0.002, 0.001, -0.001, -0.001, 0.000, -0.000
3.690, 0.002, -0.001, 0.001, 0.002, 0.001, -0.001, 0.002, -0.001, 0.001, 0.002, 0.001, -0.001, -0.001, 0.000, -0.000
3.700, 0.002, -0.001, 0.001, 0.002, 0.001, -0.001, 0.002, -0.001, 0.001, 0.002, 0.001, -0.001, -0.001, 0.000, -0.000
3.710, 0.001, -0.001, 0.001, 0.001, 0.001, -0.001, 0.002, -0.001, 0.001, 0.002, 0.001, -0.000, -0.001, 0.000, -0.000
3.720, 0.001, -0.001, 0.001, 0.001, 0.001, -0.001, 0.001, -0.001, 0.001, 0.001, 0.001, -0.001, -0.000, 0.000, -0.000
3.730, 0.001, -0.001, 0.001, 0.001, 0.001, -0.001, 0.001, -0.001, 0.001, 0.001, 0.001, -0.001, -0.000, 0.000, -0.000
3.740, 0.000, -0.001, 0.001, 0.001, 0.001, -0.001, 0.001, -0.001, 0.001, 0.001, 0.001, -0.001, -0.000, 0.000, -0.000
3.750, 0.001, -0.001, 0.001, 0.001, 0.001, -0.001, 0.001, -0.001, 0.001, 0.001, 0.001, -0.001, -0.000, 0.000, -0.000
3.760, 0.001, -0.001, 0.001, 0.001, 0.001, -0.001, 0.001, -0.001, 0.001, 0.001, 0.001, -0.001, -0.000, 0.000, -0.000
3.770, 0.000, -0.001, 0.001, 0.000, 0.001, -0.001, 0.000, -0.001, 0.001, 0.000, 0.001, -0.001, -0.000, 0.000, -0.000
3.780, 0.000, -0.001, 0.001, 0.000, 0.001, -0.001, 0.001, -0.001, 0.001, 0.001, 0.001, -0.001, -0.000, 0.000, -0.000
3.790, 0.000, -0.001, 0.001, 0.001, 0.001, -0.001, 0.001, -0.001, 0.001, 0.001, 0.001, -0.001, -0.000, 0.000, -0.000
3.800, 0.000, -0.001, 0.001, 0.000, 0.001, -0.001, 0.000, -0.001, 0.001, 0.000, 0.001, -0.001, -0.000, 0.000, -0.000
3.810, 0.001, -0.001, 0.000, 0.001, 0.001, -0.000, -0.000, -0.001, 0.001, 0.000, 0.001, -0.001, -0.000, 0.000, -0.000
3.820, 0.000, -0.001, 0.001, 0.000, 0.001, -0.001, 0.000, -0.001, 0.000, 0.001, 0.001, -0.000, -0.000, 0.000, -0.000
3.830, -0.000, -0.001, 0.001, 0.000, 0.001, -0.001, 0.000, -0.001, 0.001, 0.000, 0.001, -0.001, -0.000, 0.000, -0.000
3.840, 0.000, -0.001, 0.000, 0.000, 0.001, -0.000, -0.000, -0.001, 0.001, 0.000, 0.001, -0.001, -0.000, 0.000, -0.000
3.850, 0.000, -0.000, 0.000, 0.001, 0.000, -0.000, 0.001, -0.000, 0.000, 0.001, 0.000, -0.000, -0.000, 0.000, -0.000
3.860, 0.000, -0.000, 0.000, 0.000, 0.001, -0.000, 0.000, -0.000, 0.000, 0.000, 0.001, -0.000, -0.000, 0.000, -0.000
3.870, -0.000, -0.001, 0.001, 0.000, 0.001, -0.000, -0.000, -0.001, 0.001, 0.000, 0.001, -0.000, -0.000, 0.000, -0.000
3.880, -0.000, -0.000, 0.001, -0.000, 0.001, -0.001, 0.000, -0.000, 0.000, 0.000, 0.001, -0.000, -0.000, 0.000, -0.000
3.890, 0.001, -0.000, 0.000, 0.001, 0.000, -0.000, 0.000, -0.000, 0.000, 0.001, 0.000, -0.000, -0.000, 0.000, -0.000
3.900, 0.000, -0.000, 0.000, 0.000, 0.000, -0.000, 0.000, -0.000, 0.000, 0.000, 0.000, -0.000, -0.000, 0.000, -0.000
3.910, 0.000, -0.000, 0.000, 0.000, 0.000, -0.000, -0.000, -0.000, 0.000, -0.000, 0.000, -0.000, -0.000, 0.000, -0.000
3.920, -0.000, -0.000, 0.000, -0.000, 0.000, -0.000, -0.000, -0.000, 0.000, -0.000, 0.000, -0.000, -0.000, 0.000, -0.000
3.930, -0.000, -0.000, 0.000, -0.000, 0.000, -0.000, 0.000, -0.000, 0.000, 0.000, 0.000, -0.000, -0.000, 0.000, -0.000
3.940, 0.000, -0.000, 0.000, 0.001, 0.000, -0.000, 0.000, -0.000, 0.000, 0.001, 0.000, -0.000, -0.000, 0.000, -0.000
3.950, 0.000, -0.000, 0.000, 0.000, 0.000, -0.000, 0.000, -0.000, 0.000, 0.000, 0.000, -0.000, -0.000, 0.000, -0.000
3.960, 0.000, -0.000, 0.000, 0.000, 0.000, -0.000, -0.000, -0.000, 0.000, -0.000, 0.000, -0.000, -0.000, 0.000, -0.000
3.970, -0.000, -0.000, 0.000, 0.000, 0.000, -0.000, -0.000, -0.000, 0.000, -0.000, 0.000, -0.000, -0.000, 0.000, -0.000
3.980, 0.000, -0.000, 0.000, 0.000, 0.000, -0.000, 0.000, -0.000, 0.000, 0.000, 0.000, -0.000, -0.000, 0.000, -0.000
3.990, 0.000, 0.000, 0.000, 0.000, 0.000, -0.000, 0.000, -0.000, -0.000, 0.000, 0.000, 0.000, -0.000, 0.000, -0.000
4.000, -0.000, -0.037, 0.211, -0.000, -0.036, 0.211, 0.000, 0.036, -0.211, 0.000, 0.037, -0.211, -0.000, 0.063, -0.000
4.010, 0.000, -0.060, 0.598, 0.000, -0.059, 0.598, -0.000, 0.055, -0.594, 0.000, 0.056, -0.594, -0.000, 0.142, -0.000
4.020, 0.000, 0.118, 0.844, 0.001, 0.118, 0.844, -0.000, -0.139, -0.825, -0.000, -0.138, -0.826, -0.000, 0.214, -0.000
4.030, 0.000, 0.345, 1.041, 0.000, 0.345, 1.041, -0.000, -0.398, -0.991, -0.000, -0.397, -0.992, -0.000, 0.281, -0.000
4.040, 0.000, 0.514, 1.254, 0.000, 0.515, 1.254, -0.000, -0.619, -1.153, -0.000, -0.618, -1.154, -0.000, 0.343, -0.001
4.050, 0.000, 0.631, 1.479, 0.000, 0.632, 1.478, 0.000, -0.802, -1.310, 0.000, -0.802, -1.310, -0.000, 0.401, -0.003
4.060, 0.000, 0.724, 1.696, 0.000, 0.725, 1.695, 0.000, -0.973, -1.446, 0.000, -0.972, -1.447, -0.000, 0.453, -0.006
4.070, 0.000, 0.804, 1.898, 0.000, 0.805, 1.898, -0.000, -1.134, -1.560, -0.000, -1.134, -1.561, -0.000, 0.499, -0.012
4.080, 0.000, 0.872, 2.084, 0.000, 0.873, 2.083, -0.000, -1.280, -1.656, -0.000, -1.279, -1.657, -0.000, 0.540, -0.021
4.090, 0.000, 0.928, 2.250, 0.000, 0.929, 2.249, -0.000, -1.405, -1.738, -0.000, -1.404, -1.739, -0.000, 0.575, -0.033
4.100, 0.000, 1.058, 2.138, 0.000, 1.059, 2.137, -0.000, -1.486, -1.648, -0.000, -1.485, -1.649, -0.000, 0.541, -0.054
4.110, 0.000, 1.241, 1.754, 0.000, 1.241, 1.754, 0.001, -1.443, -1.448, 0.001, -1.443, -1.448, -0.000, 0.484, -0.078
4.120, 0.000, 1.221, 1.482, 0.000, 1.221, 1.481, 0.001, -1.199, -1.377, 0.001, -1.198, -1.377, -0.000, 0.429, -0.099
4.130, 0.000, 1.125, 1.252, 0.000, 1.126, 1.251, 0.001, -0.908, -1.335, 0.001, -0.908, -1.335, -0.000, 0.374, -0.113
4.140, 0.000, 1.041, 1.022, 0.000, 1.042, 1.021, 0.001, -0.671, -1.255, 0.001, -0.671, -1.255, -0.000, 0.321, -0.120
4.150, 0.000, 0.963, 0.798, 0.000, 0.964, 0.797, 0.000, -0.487, -1.138, 0.000, -0.487, -1.138, -0.000, 0.268, -0.121
4.160, 0.000, 0.873, 0.592, 0.000, 0.873, 0.592, 0.000, -0.334, -1.001, 0.000, -0.333, -1.001, -0.000, 0.217, -0.115
4.170, 0.000, 0.765, 0.407, 0.000, 0.765, 0.407, 0.000, -0.203, -0.850, 0.000, -0.202, -0.850, -0.000, 0.168, -0.105
4.180, 0.000, 0.643, 0.242, 0.000, 0.643, 0.242, 0.000, -0.093, -0.688, 0.000, -0.093, -0.688, -0.000, 0.121, -0.091
4.190, 0.000, 0.513, 0.093, 0.000, 0.513, 0.093, 0.000, -0.002, -0.518, 0.000, -0.002, -0.519, -0.000, 0.076, -0.073
4.200, 0.000, 0.378, -0.041, 0.000, 0.378, -0.041, 0.000, 0.072, -0.345, 0.000, 0.072, -0.345, -0.000, 0.034, -0.054
4.210, 0.000, 0.240, -0.162, 0.000, 0.240, -0.162, 0.000, 0.135, -0.171, 0.000, 0.135, -0.171, -0.000, -0.006, -0.034
4.220, 0.000, 0.103, -0.272, 0.000, 0.103, -0.272, 0.000, 0.187, 0.001, 0.000, 0.187, 0.000, -0.000, -0.045, -0.014
4.230, 0.000, -0.030, -0.372, 0.000, -0.030, -0.372, 0.000, 0.233, 0.166, 0.000, 0.233, 0.166, -0.000, -0.081, 0.005
4.240, 0.000, -0.159, -0.465, 0.000, -0.159, -0.464, 0.000, 0.273, 0.324, 0.000, 0.273, 0.324, -0.000, -0.114, 0.024
4.250, 0.000, -0.279, -0.550, 0.000, -0.279, -0.549, 0.000, 0.310, 0.473, 0.000, 0.310, 0.472, -0.000, -0.146, 0.040
4.260, 0.000, -0.389, -0.628, 0.001, -0.389, -0.628, -0.000, 0.344, 0.610, 0.000, 0.344, 0.610, -0.000, -0.176, 0.055
4.270, 0.000, -0.488, -0.702, 0.000, -0.488, -0.701, -0.000, 0.377, 0.736, 0.000, 0.377, 0.736, -0.000, -0.203, 0.067
4.280, 0.000, -0.576, -0.769, 0.000, -0.576, -0.769, -0.000, 0.408, 0.849, 0.000, 0.408, 0.849, -0.000, -0.228, 0.076
4.290, 0.000, -0.652, -0.831, 0.000, -0.652, -0.831, -0.000, 0.438, 0.950, 0.000, 0.438, 0.949, -0.000, -0.251, 0.084
4.300, 0.000, -0.715, -0.889, 0.000, -0.715, -0.888, -0.000, 0.467, 1.037, 0.000, 0.467, 1.036, -0.000, -0.272, 0.088
4.310, -0.000, -0.767, -0.941, -0.000, -0.767, -0.941, -0.000, 0.495, 1.110, 0.000, 0.496, 1.110, 0.000, -0.290, 0.091
4.320, -0.000, -0.807, -0.988, -0.000, -0.807, -0.988, -0.000, 0.523, 1.171, 0.000, 0.523, 1.170, 0.000, -0.306, 0.091
4.330, -0.000, -0.836, -1.030, -0.000, -0.836, -1.030, -0.000, 0.549, 1.218, 0.000, 0.549, 1.218, 0.000, -0.319, 0.089
4.340, -0.000, -0.855, -1.066, -0.000, -0.855, -1.066, -0.000, 0.574, 1.254, 0.000, 0.574, 1.254, 0.000, -0.330, 0.085
4.350, -0.000, -0.865, -1.096, -0.000, -0.865, -1.096, -0.000, 0.596, 1.277, 0.000, 0.596, 1.277, 0.000, -0.338, 0.080
4.360, -0.000, -0.866, -1.120, -0.000, -0.866, -1.120, -0.000, 0.617, 1.290, -0.000, 0.617, 1.290, 0.000, -0.344, 0.073
4.370, -0.000, -0.860, -1.138, -0.000, -0.860, -1.138, -0.000, 0.635, 1.292, 0.000, 0.635, 1.292, 0.000, -0.348, 0.066
4.380, -0.000, -0.847, -1.150, -0.000, -0.847, -1.150, -0.000, 0.649, 1.285, 0.000, 0.649, 1.285, 0.000, -0.349, 0.058
4.390, -0.000, -0.829, -1.155, -0.000, -0.829, -1.155, -0.000, 0.661, 1.269, 0.000, 0.661, 1.269, 0.000, -0.348, 0.049
4.400, -0.000, -0.805, -1.153, -0.000, -0.805, -1.153, -0.000, 0.669, 1.245, 0.000, 0.668, 1.246, 0.000, -0.344, 0.041
4.410, -0.000, -0.777, -1.145, -0.000, -0.777, -1.145, -0.000, 0.673, 1.215, 0.000, 0.672, 1.215, 0.000, -0.339, 0.032
4.420, -0.000, -0.746, -1.131, -0.000, -0.746, -1.131, -0.000, 0.673, 1.178, 0.000, 0.672, 1.178, 0.000, -0.332, 0.023
4.430, -0.000, -0.712, -1.110, -0.000, -0.712, -1.110, -0.000, 0.668, 1.135, 0.000, 0.668, 1.135, 0.000, -0.322, 0.015
4.440, -0.000, -0.675, -1.084, -0.000, -0.675, -1.083, -0.000, 0.660, 1.088, 0.000, 0.660, 1.088, 0.000, -0.312, 0.008
4.450, -0.000, -0.637, -1.051, -0.000, -0.637, -1.051, -0.000, 0.648, 1.036, 0.000, 0.648, 1.036, 0.000, -0.299, 0.001
4.460, -0.000, -0.597, -1.014, -0.000, -0.597, -1.013, -0.000, 0.632, 0.981, -0.000, 0.632, 0.982, 0.000, -0.286, -0.005
4.470, -0.000, -0.557, -0.971, -0.000, -0.557, -0.971, -0.000, 0.612, 0.924, -0.000, 0.611, 0.924, 0.000, -0.271, -0.010
4.480, -0.000, -0.515, -0.924, -0.000, -0.516, -0.923, -0.000, 0.588, 0.864, -0.000, 0.588, 0.864, 0.000, -0.255, -0.014
4.490, -0.000, -0.474, -0.872, -0.000, -0.474, -0.872, -0.000, 0.560, 0.802, -0.000, 0.560, 0.802, 0.000, -0.238, -0.018
4.500, -0.000, -0.433, -0.817, -0.000, -0.433, -0.817, -0.000, 0.530, 0.739, -0.000, 0.530, 0.739, 0.000, -0.221, -0.020
4.510, -0.000, -0.392, -0.759, -0.000, -0.392, -0.759, -0.000, 0.497, 0.676, -0.000, 0.496, 0.676, 0.000, -0.203, -0.022
4.520, -0.000, -0.352, -0.698, -0.000, -0.352, -0.698, -0.000, 0.461, 0.611, -0.000, 0.461, 0.611, 0.000, -0.185, -0.023
4.530, -0.000, -0.313, -0.635, -0.000, -0.313, -0.635, -0.000, 0.423, 0.548, -0.000, 0.423, 0.548, 0.000, -0.166, -0.023
4.540, -0.000, -0.274, -0.570, -0.000, -0.274, -0.570, -0.000, 0.383, 0.484, -0.000, 0.383, 0.484, 0.000, -0.148, -0.023
4.550, -0.000, -0.237, -0.505, -0.000, -0.237, -0.505, -0.000, 0.342, 0.421, -0.000, 0.342, 0.421, 0.000, -0.129, -0.021
4.560, -0.001, -0.200, -0.439, -0.001, -0.200, -0.439, -0.000, 0.300, 0.359, -0.000, 0.300, 0.359, 0.000, -0.111, -0.020
4.570, -0.000, -0.164, -0.373, -0.000, -0.165, -0.373, 0.000, 0.257, 0.298, 0.000, 0.257, 0.299, 0.000, -0.092, -0.018
4.580, -0.000, -0.130, -0.307, -0.000, -0.131, -0.307, 0.000, 0.214, 0.239, 0.000, 0.214, 0.240, 0.000, -0.074, -0.016
4.590, -0.001, -0.098, -0.242, -0.001, -0.098, -0.242, 0.000, 0.172, 0.181, 0.000, 0.172, 0.182, 0.000, -0.057, -0.013
4.600, -0.000, -0.066, -0.179, -0.000, -0.066, -0.178, 0.000, 0.130, 0.126, 0.000, 0.129, 0.126, -0.000, -0.040, -0.010
4.610, 0.000, -0.036, -0.117, 0.000, -0.036, -0.117, 0.000, 0.089, 0.072, 0.000, 0.088, 0.073, -0.000, -0.023, -0.007
4.620, 0.000, -0.007, -0.057, 0.000, -0.007, -0.057, 0.000, 0.048, 0.021, 0.000, 0.048, 0.021, -0.000, -0.008, -0.005
4.630, 0.000, 0.020, -0.000, 0.000, 0.020, 0.000, -0.000, 0.010, -0.028, -0.000, 0.010, -0.028, -0.000, 0.007, -0.002
4.640, 0.000, 0.046, 0.055, 0.000, 0.046, 0.055, -0.000, -0.026, -0.074, -0.000, -0.027, -0.075, 0.000, 0.022, 0.001
4.650, 0.000, 0.071, 0.106, 0.000, 0.071, 0.106, -0.000, -0.061, -0.118, -0.000, -0.061, -0.118, 0.000, 0.035, 0.003
4.660, -0.000, 0.094, 0.154, 0.000, 0.094, 0.154, -0.000, -0.094, -0.159, -0.000, -0.094, -0.159, 0.000, 0.048, 0.005
4.670, -0.000, 0.116, 0.199, -0.000, 0.116, 0.199, -0.000, -0.125, -0.197, -0.000, -0.124, -0.198, 0.000, 0.060, 0.007
4.680, -0.000, 0.136, 0.241, -0.000, 0.136, 0.241, -0.000, -0.152, -0.233, -0.000, -0.152, -0.233, 0.000, 0.070, 0.009
4.690, -0.000, 0.155, 0.278, -0.000, 0.155, 0.278, 0.000, -0.177, -0.266, 0.000, -0.177, -0.266, -0.000, 0.080, 0.010
4.700, -0.000, 0.172, 0.312, -0.000, 0.172, 0.312, 0.000, -0.200, -0.296, 0.000, -0.200, -0.296, -0.000, 0.089, 0.011
4.710, -0.000, 0.188, 0.342, -0.000, 0.188, 0.342, 0.000, -0.219, -0.323, 0.000, -0.219, -0.322, -0.000, 0.097, 0.011
4.720, -0.000, 0.202, 0.368, -0.000, 0.202, 0.368, 0.000, -0.237, -0.346, 0.000, -0.237, -0.346, 0.000, 0.104, 0.012
4.730, -0.000, 0.215, 0.391, -0.000, 0.215, 0.390, 0.000, -0.251, -0.367, 0.000, -0.251, -0.367, 0.000, 0.111, 0.012
4.740, -0.000, 0.226, 0.409, -0.000, 0.226, 0.409, 0.000, -0.263, -0.385, -0.000, -0.263, -0.385, 0.000, 0.116, 0.012
4.750, -0.000, 0.235, 0.424, -0.000, 0.236, 0.424, -0.000, -0.272, -0.400, -0.000, -0.272, -0.400, 0.000, 0.120, 0.011
4.760, -0.000, 0.244, 0.436, -0.000, 0.244, 0.435, -0.000, -0.279, -0.412, -0.000, -0.279, -0.412, 0.000, 0.123, 0.011
4.770, 0.000, 0.250, 0.443, 0.000, 0.250, 0.444, -0.000, -0.283, -0.421, -0.000, -0.283, -0.421, -0.000, 0.125, 0.010
4.780, 0.001, 0.255, 0.448, 0.001, 0.255, 0.448, -0.000, -0.285, -0.427, -0.000, -0.285, -0.428, -0.000, 0.127, 0.009
4.790, 0.001, 0.258, 0.449, 0.001, 0.258, 0.450, -0.000, -0.285, -0.431, -0.000, -0.285, -0.431, -0.000, 0.127, 0.008
4.800, 0.000, 0.260, 0.448, 0.001, 0.260, 0.448, -0.000, -0.284, -0.432, -0.000, -0.284, -0.432, -0.000, 0.127, 0.007
4.810, 0.000, 0.260, 0.443, 0.001, 0.260, 0.444, -0.000, -0.280, -0.430, -0.000, -0.280, -0.431, -0.000, 0.126, 0.006
4.820, 0.000, 0.259, 0.437, 0.001, 0.259, 0.437, 0.000, -0.275, -0.426, 0.000, -0.275, -0.426, -0.000, 0.124, 0.005
4.830, 0.000, 0.256, 0.427, 0.000, 0.256, 0.427, 0.001, -0.268, -0.420, 0.001, -0.268, -0.420, -0.000, 0.122, 0.004
4.840, 0.000, 0.252, 0.416, 0.000, 0.252, 0.416, 0.000, -0.260, -0.411, 0.000, -0.260, -0.411, -0.000, 0.119, 0.003
4.850, 0.000, 0.247, 0.402, 0.000, 0.247, 0.402, 0.000, -0.250, -0.400, 0.000, -0.251, -0.400, -0.000, 0.115, 0.002
4.860, 0.000, 0.240, 0.387, 0.000, 0.240, 0.387, 0.000, -0.240, -0.387, 0.000, -0.240, -0.387, -0.000, 0.111, 0.001
4.870, 0.000, 0.232, 0.370, 0.000, 0.232, 0.370, 0.000, -0.229, -0.373, 0.000, -0.229, -0.373, -0.000, 0.106, -0.000
4.880, 0.000, 0.222, 0.352, 0.000, 0.223, 0.352, 0.000, -0.217, -0.356, 0.000, -0.217, -0.357, -0.000, 0.101, -0.001
4.890, 0.000, 0.212, 0.332, 0.000, 0.212, 0.332, 0.000, -0.204, -0.339, 0.000, -0.204, -0.339, -0.000, 0.096, -0.002
4.900, 0.000, 0.201, 0.312, 0.000, 0.201, 0.311, 0.000, -0.191, -0.320, 0.000, -0.191, -0.320, -0.000, 0.090, -0.002
4.910, 0.000, 0.189, 0.290, 0.000, 0.189, 0.290, 0.000, -0.177, -0.300, 0.000, -0.177, -0.300, -0.000, 0.084, -0.003
4.920, 0.000, 0.177, 0.268, 0.000, 0.177, 0.268, 0.000, -0.164, -0.278, 0.000, -0.163, -0.278, -0.000, 0.078, -0.003
4.930, 0.000, 0.163, 0.245, 0.000, 0.164, 0.245, -0.000, -0.150, -0.256, 0.000, -0.149, -0.257, -0.000, 0.071, -0.003
4.940, 0.000, 0.149, 0.223, 0.000, 0.150, 0.222, -0.000, -0.135, -0.234, -0.000, -0.135, -0.234, -0.000, 0.065, -0.003
4.950, 0.000, 0.135, 0.200, 0.000, 0.136, 0.199, -0.000, -0.121, -0.211, 0.000, -0.121, -0.211, -0.000, 0.058, -0.003
4.960, 0.000, 0.121, 0.176, 0.000, 0.121, 0.176, -0.000, -0.107, -0.187, -0.000, -0.107, -0.188, -0.000, 0.051, -0.003
4.970, 0.000, 0.106, 0.153, 0.000, 0.107, 0.153, -0.000, -0.093, -0.164, -0.000, -0.093, -0.164, -0.000, 0.044, -0.003
4.980, 0.000, 0.092, 0.131, 0.000, 0.092, 0.130, -0.000, -0.079, -0.141, -0.000, -0.079, -0.141, -0.000, 0.038, -0.003
4.990, 0.000, 0.077, 0.108, 0.000, 0.077, 0.108, -0.000, -0.065, -0.117, -0.000, -0.065, -0.118, -0.000, 0.031, -0.002
5.000, 0.000, 0.063, 0.086, 0.000, 0.063, 0.086, -0.000, -0.052, -0.095, -0.000, -0.052, -0.095, 0.000, 0.025, -0.002
5.010, 0.000, 0.048, 0.065, 0.000, 0.048, 0.065, -0.000, -0.039, -0.072, -0.000, -0.039, -0.072, 0.000, 0.018, -0.002
5.020, 0.000, 0.035, 0.044, 0.000, 0.035, 0.044, -0.000, -0.027, -0.050, -0.000, -0.027, -0.050, 0.000, 0.012, -0.001
5.030, 0.000, 0.021, 0.024, 0.000, 0.021, 0.024, -0.000, -0.015, -0.029, -0.000, -0.015, -0.029, 0.000, 0.006, -0.001
5.040, 0.000, 0.008, 0.005, 0.000, 0.008, 0.005, -0.000, -0.003, -0.009, -0.000, -0.003, -0.009, 0.000, 0.001, -0.001
5.050, -0.000, -0.004, -0.014, 0.000, -0.004, -0.013, -0.000, 0.008, 0.010, -0.000, 0.008, 0.010, 0.000, -0.005, -0.000
5.060, -0.000, -0.016, -0.031, 0.000, -0.016, -0.031, -0.000, 0.018, 0.029, -0.000, 0.018, 0.029, 0.000, -0.010, 0.000
5.070, -0.000, -0.027, -0.047, -0.000, -0.027, -0.047, -0.000, 0.028, 0.046, -0.000, 0.028, 0.046, 0.000, -0.015, 0.000
5.080, -0.000, -0.038, -0.063, -0.000, -0.038, -0.062, -0.000, 0.037, 0.062, -0.000, 0.037, 0.062, 0.000, -0.019, 0.001
5.090, -0.000, -0.047, -0.077, -0.000, -0.047, -0.077, -0.000, 0.046, 0.078, -0.000, 0.046, 0.078, 0.000, -0.023, 0.001
5.100, -0.000, -0.056, -0.090, -0.000, -0.056, -0.090, -0.000, 0.054, 0.092, -0.000, 0.054, 0.091, 0.000, -0.027, 0.001
5.110, -0.000, -0.064, -0.102, -0.000, -0.065, -0.102, 0.000, 0.061, 0.104, 0.000, 0.061, 0.104, -0.000, -0.031, 0.001
5.120, -0.000, -0.072, -0.113, -0.000, -0.072, -0.113, 0.000, 0.068, 0.115, 0.000, 0.068, 0.116, 0.000, -0.034, 0.001
5.130, -0.000, -0.078, -0.123, -0.000, -0.078, -0.123, 0.000, 0.074, 0.125, 0.000, 0.074, 0.126, 0.000, -0.036, 0.001
5.140, -0.000, -0.084, -0.131, -0.000, -0.084, -0.131, 0.000, 0.079, 0.134, 0.000, 0.079, 0.134, 0.000, -0.039, 0.001
5.150, -0.000, -0.088, -0.139, -0.000, -0.088, -0.139, 0.000, 0.084, 0.142, 0.000, 0.084, 0.142, 0.000, -0.041, 0.001
5.160, -0.000, -0.092, -0.145, -0.000, -0.092, -0.145, -0.000, 0.088, 0.148, 0.000, 0.088, 0.148, 0.000, -0.043, 0.001
5.170, -0.000, -0.095, -0.150, -0.000, -0.095, -0.150, -0.000, 0.091, 0.153, 0.000, 0.091, 0.153, 0.000, -0.044, 0.001
5.180, -0.000, -0.098, -0.154, -0.000, -0.098, -0.154, -0.000, 0.094, 0.157, -0.000, 0.094, 0.157, 0.000, -0.045, 0.001
5.190, -0.000, -0.099, -0.157, -0.000, -0.099, -0.157, -0.000, 0.095, 0.159, -0.000, 0.095, 0.160, 0.000, -0.046, 0.001
5.200, -0.000, -0.100, -0.158, -0.000, -0.100, -0.158, -0.000, 0.097, 0.161, -0.000, 0.097, 0.161, 0.000, -0.046, 0.001
5.210, -0.000, -0.101, -0.159, -0.000, -0.101, -0.159, -0.000, 0.097, 0.161, -0.000, 0.097, 0.161, 0.000, -0.046, 0.001
5.220, -0.000, -0.100, -0.159, -0.000, -0.100, -0.159, -0.000, 0.097, 0.161, -0.000, 0.097, 0.161, 0.000, -0.046, 0.001
5.230, -0.000, -0.099, -0.157, -0.000, -0.099, -0.158, 0.000, 0.097, 0.159, 0.000, 0.097, 0.159, 0.000, -0.046, 0.001
5.240, -0.000, -0.097, -0.155, -0.000, -0.098, -0.156, 0.001, 0.096, 0.156, 0.001, 0.096, 0.157, -0.000, -0.045, 0.000
5.250, -0.000, -0.095, -0.152, -0.000, -0.095, -0.153, 0.000, 0.094, 0.153, 0.000, 0.094, 0.154, -0.000, -0.044, 0.000
5.260, -0.000, -0.093, -0.148, -0.000, -0.093, -0.149, 0.000, 0.092, 0.149, 0.000, 0.092, 0.149, 0.000, -0.043, 0.000
5.270, -0.000, -0.089, -0.144, -0.000, -0.090, -0.144, 0.000, 0.089, 0.144, 0.000, 0.089, 0.145, 0.000, -0.041, 0.000
5.280, -0.000, -0.086, -0.139, -0.000, -0.086, -0.139, 0.000, 0.086, 0.139, 0.000, 0.086, 0.139, 0.000, -0.040, -0.000
5.290, -0.000, -0.082, -0.133, -0.000, -0.082, -0.133, 0.000, 0.083, 0.133, 0.000, 0.083, 0.133, 0.000, -0.038, -0.000
5.300, 0.001, -0.078, -0.127, 0.001, -0.078, -0.127, 0.000, 0.079, 0.126, 0.000, 0.079, 0.126, -0.000, -0.036, -0.000
5.310, 0.000, -0.074, -0.120, 0.000, -0.074, -0.120, 0.000, 0.075, 0.119, 0.000, 0.075, 0.119, -0.000, -0.034, -0.000
5.320, 0.000, -0.069, -0.113, 0.000, -0.069, -0.113, -0.000, 0.071, 0.112, -0.000, 0.071, 0.112, -0.000, -0.032, -0.000
5.330, 0.000, -0.064, -0.105, 0.000, -0.064, -0.105, -0.000, 0.066, 0.104, -0.000, 0.066, 0.104, -0.000, -0.030, -0.000
5.340, 0.000, -0.059, -0.097, 0.000, -0.059, -0.097, -0.000, 0.061, 0.096, -0.000, 0.061, 0.096, -0.000, -0.027, -0.000
5.350, 0.000, -0.054, -0.089, 0.000, -0.054, -0.089, -0.000, 0.056, 0.088, -0.000, 0.056, 0.088, -0.000, -0.025, -0.001
5.360, 0.000, -0.049, -0.081, 0.000, -0.049, -0.081, -0.000, 0.051, 0.080, -0.000, 0.051, 0.079, 0.000, -0.023, -0.001
5.370, 0.000, -0.044, -0.072, 0.000, -0.044, -0.072, -0.000, 0.046, 0.071, -0.000, 0.046, 0.071, 0.000, -0.020, -0.001
5.380, 0.000, -0.039, -0.064, 0.000, -0.039, -0.064, -0.000, 0.041, 0.063, -0.000, 0.041, 0.062, 0.000, -0.018, -0.001
5.390, 0.000, -0.034, -0.055, 0.000, -0.033, -0.055, -0.000, 0.035, 0.054, -0.000, 0.035, 0.054, 0.000, -0.015, -0.000
5.400, 0.000, -0.028, -0.047, 0.000, -0.028, -0.047, 0.000, 0.030, 0.046, 0.000, 0.030, 0.046, -0.000, -0.013, -0.000
5.410, 0.000, -0.023, -0.039, 0.000, -0.023, -0.039, 0.000, 0.025, 0.037, 0.000, 0.025, 0.038, -0.000, -0.011, -0.000
5.420, 0.000, -0.018, -0.030, 0.000, -0.018, -0.031, 0.000, 0.020, 0.029, 0.000, 0.020, 0.030, -0.000, -0.008, -0.000
5.430, 0.000, -0.014, -0.023, -0.000, -0.014, -0.023, 0.000, 0.015, 0.022, 0.000, 0.015, 0.022, -0.000, -0.006, -0.000
5.440, 0.000, -0.009, -0.015, 0.000, -0.009, -0.015, 0.000, 0.010, 0.014, 0.000, 0.010, 0.014, -0.000, -0.004, -0.000
5.450, -0.000, -0.004, -0.007, -0.000, -0.004, -0.008, 0.000, 0.005, 0.007, 0.000, 0.005, 0.007, -0.000, -0.002, -0.000
5.460, -0.000, -0.000, -0.000, -0.000, -0.000, -0.000, 0.000, 0.001, -0.000, 0.000, 0.001, -0.000, -0.000, 0.000, -0.000
5.470, -0.000, 0.004, 0.007, -0.000, 0.004, 0.006, 0.000, -0.003, -0.007, 0.000, -0.003, -0.007, -0.000, 0.002, -0.000
5.480, -0.000, 0.008, 0.013, -0.000, 0.008, 0.013, 0.000, -0.007, -0.013, 0.000, -0.007, -0.013, -0.000, 0.004, -0.000
5.490, -0.000, 0.011, 0.019, -0.000, 0.011, 0.019, -0.000, -0.011, -0.019, 0.000, -0.011, -0.019, -0.000, 0.006, -0.000
5.500, -0.000, 0.015, 0.025, -0.000, 0.015, 0.024, -0.000, -0.015, -0.024, -0.000, -0.015, -0.024, 0.000, 0.007, -0.000
5.510, -0.000, 0.018, 0.030, -0.000, 0.018, 0.030, -0.000, -0.018, -0.029, -0.000, -0.018, -0.030, 0.000, 0.009, 0.000
5.520, -0.000, 0.021, 0.035, -0.000, 0.021, 0.035, -0.000, -0.021, -0.034, -0.000, -0.021, -0.034, 0.000, 0.010, 0.000
5.530, -0.000, 0.023, 0.039, -0.000, 0.024, 0.039, -0.000, -0.024, -0.038, -0.000, -0.024, -0.039, 0.000, 0.011, 0.000
5.540, -0.000, 0.026, 0.043, -0.000, 0.026, 0.043, -0.000, -0.026, -0.042, -0.000, -0.026, -0.043, 0.000, 0.013, 0.000
5.550, -0.000, 0.028, 0.046, -0.000, 0.028, 0.046, -0.000, -0.028, -0.046, -0.000, -0.028, -0.046, 0.000, 0.013, 0.000
5.560, -0.000, 0.028, 0.048, -0.000, 0.028, 0.048, -0.000, -0.029, -0.048, -0.000, -0.029, -0.048, 0.000, 0.013, 0.000
5.570, -0.000, 0.027, 0.047, -0.000, 0.027, 0.047, -0.000, -0.028, -0.046, -0.000, -0.028, -0.046, 0.000, 0.013, 0.000
5.580, -0.000, 0.027, 0.045, -0.000, 0.027, 0.045, -0.000, -0.027, -0.044, -0.000, -0.027, -0.044, 0.000, 0.013, 0.000
5.590, -0.000, 0.026, 0.043, -0.000, 0.026, 0.043, -0.000, -0.026, -0.042, -0.000, -0.026, -0.042, 0.000, 0.012, 0.000
5.600, -0.000, 0.025, 0.041, -0.000, 0.025, 0.041, -0.000, -0.025, -0.041, -0.000, -0.025, -0.041, 0.000, 0.012, 0.000
5.610, -0.000, 0.024, 0.040, -0.000, 0.024, 0.040, -0.000, -0.024, -0.039, -0.000, -0.024, -0.039, 0.000, 0.011, 0.000
5.620, -0.000, 0.023, 0.038, -0.000, 0.023, 0.038, -0.000, -0.023, -0.037, -0.000, -0.023, -0.037, 0.000, 0.011, -0.000
5.630, -0.000, 0.022, 0.036, -0.000, 0.022, 0.036, -0.000, -0.022, -0.036, -0.000, -0.022, -0.036, 0.000, 0.010, -0.000
5.640, -0.000, 0.021, 0.034, 0.000, 0.021, 0.034, 0.000, -0.021, -0.034, 0.000, -0.021, -0.034, -0.000, 0.010, -0.000
5.650, -0.000, 0.020, 0.033, 0.000, 0.020, 0.033, 0.001, -0.020, -0.033, 0.001, -0.020, -0.032, -0.000, 0.009, -0.000
5.660, -0.000, 0.019, 0.031, -0.000, 0.019, 0.031, 0.000, -0.019, -0.031, 0.000, -0.019, -0.030, -0.000, 0.009, -0.000
5.670, -0.000, 0.018, 0.029, -0.000, 0.018, 0.029, 0.000, -0.018, -0.029, 0.000, -0.018, -0.029, -0.000, 0.008, -0.000
5.680, -0.000, 0.017, 0.028, -0.000, 0.017, 0.028, 0.000, -0.017, -0.028, 0.000, -0.017, -0.027, -0.000, 0.008, -0.000
5.690, -0.000, 0.016, 0.026, -0.000, 0.016, 0.026, 0.000, -0.016, -0.026, 0.000, -0.016, -0.026, 0.000, 0.007, -0.000
5.700, -0.000, 0.014, 0.023, -0.000, 0.014, 0.023, 0.000, -0.014, -0.023, 0.000, -0.014, -0.023, 0.000, 0.006, -0.000
5.710, -0.000, 0.012, 0.020, -0.000, 0.012, 0.020, -0.000, -0.012, -0.020, -0.000, -0.012, -0.020, 0.000, 0.005, -0.000
5.720, -0.000, 0.011, 0.017, -0.000, 0.011, 0.017, -0.000, -0.011, -0.017, -0.000, -0.011, -0.017, 0.000, 0.005, -0.000
5.730, -0.000, 0.009, 0.015, -0.000, 0.010, 0.015, -0.000, -0.010, -0.015, -0.000, -0.010, -0.015, 0.000, 0.004, -0.000
5.740, -0.000, 0.008, 0.014, -0.000, 0.008, 0.013, -0.000, -0.009, -0.013, -0.000, -0.008, -0.013, 0.000, 0.004, -0.000
5.750, -0.000, 0.007, 0.012, -0.000, 0.008, 0.012, -0.000, -0.008, -0.012, -0.000, -0.008, -0.012, 0.000, 0.003, -0.000
5.760, -0.000, 0.007, 0.011, -0.000, 0.007, 0.011, -0.000, -0.007, -0.011, -0.000, -0.007, -0.011, 0.000, 0.003, -0.000
5.770, -0.000, 0.006, 0.010, -0.000, 0.006, 0.010, -0.000, -0.006, -0.010, -0.000, -0.006, -0.010, 0.000, 0.003, -0.000
5.780, -0.000, 0.006, 0.009, -0.000, 0.006, 0.009, -0.000, -0.006, -0.009, -0.000, -0.006, -0.009, 0.000, 0.003, -0.000
5.790, -0.000, 0.005, 0.008, -0.000, 0.005, 0.008, -0.000, -0.005, -0.008, -0.000, -0.005, -0.008, 0.000, 0.002, -0.000
5.800, -0.000, 0.005, 0.008, -0.000, 0.005, 0.008, -0.000, -0.005, -0.007, -0.000, -0.005, -0.008, 0.000, 0.002, -0.000
5.810, -0.000, 0.005, 0.007, -0.000, 0.005, 0.007, -0.000, -0.004, -0.007, -0.000, -0.004, -0.007, 0.000, 0.002, -0.000
5.820, -0.000, 0.004, 0.007, -0.000, 0.004, 0.007, -0.000, -0.004, -0.006, -0.000, -0.004, -0.006, 0.000, 0.002, -0.000
5.830, 0.000, 0.004, 0.006, 0.000, 0.004, 0.006, 0.000, -0.004, -0.006, 0.000, -0.004, -0.006, -0.000, 0.002, -0.000
5.840, 0.000, 0.004, 0.006, -0.000, 0.004, 0.006, 0.001, -0.004, -0.006, 0.001, -0.004, -0.006, -0.000, 0.002, -0.000
5.850, -0.000, 0.004, 0.006, 0.000, 0.003, 0.006, 0.000, -0.003, -0.006, 0.000, -0.004, -0.005, -0.000, 0.002, -0.000
5.860, -0.000, 0.003, 0.006, -0.000, 0.003, 0.005, 0.000, -0.003, -0.005, 0.000, -0.003, -0.005, -0.000, 0.002, -0.000
5.870, -0.000, 0.003, 0.005, -0.000, 0.003, 0.005, 0.000, -0.003, -0.005, 0.000, -0.003, -0.005, -0.000, 0.001, -0.000
5.880, -0.000, 0.003, 0.005, 0.000, 0.003, 0.005, 0.000, -0.003, -0.005, 0.000, -0.003, -0.005, 0.000, 0.001, -0.000
5.890, -0.000, 0.003, 0.005, 0.000, 0.003, 0.005, -0.000, -0.003, -0.004, -0.000, -0.003, -0.005, 0.000, 0.001, -0.000
5.900, -0.000, 0.003, 0.004, -0.000, 0.003, 0.004, -0.000, -0.003, -0.004, -0.000, -0.003, -0.004, 0.000, 0.001, -0.000
5.910, -0.000, 0.003, 0.004, -0.000, 0.003, 0.004, -0.000, -0.003, -0.004, -0.000, -0.003, -0.004, 0.000, 0.001, -0.000
5.920, -0.000, 0.003, 0.004, 0.000, 0.003, 0.004, -0.000, -0.002, -0.004, -0.000, -0.002, -0.004, 0.000, 0.001, -0.000
5.930, -0.000, 0.003, 0.004, -0.000, 0.003, 0.004, -0.000, -0.002, -0.004, -0.000, -0.002, -0.004, 0.000, 0.001, -0.000
5.940, -0.000, 0.002, 0.004, -0.000, 0.002, 0.004, -0.000, -0.002, -0.004, -0.000, -0.002, -0.004, 0.000, 0.001, -0.000
5.950, -0.000, 0.002, 0.004, -0.000, 0.002, 0.004, -0.000, -0.002, -0.003, -0.000, -0.002, -0.004, 0.000, 0.001, -0.000
5.960, -0.000, 0.002, 0.003, -0.000, 0.002, 0.004, -0.000, -0.002, -0.003, -0.000, -0.002, -0.003, 0.000, 0.001, -0.000
5.970, -0.000, 0.002, 0.003, -0.000, 0.002, 0.003, -0.000, -0.002, -0.003, -0.000, -0.002, -0.003, 0.000, 0.001, -0.000
5.980, -0.000, 0.002, 0.003, -0.000, 0.002, 0.003, 0.000, -0.002, -0.003, 0.000, -0.002, -0.003, -0.000, 0.001, -0.000
5.990, -0.000, 0.002, 0.003, -0.000, 0.002, 0.003, 0.000, -0.002, -0.003, 0.000, -0.002, -0.003, 0.000, 0.001, -0.000
6.000, -0.000, 0.422, -0.384, -0.000, 0.422, -0.384, 0.000, 0.418, -0.390, 0.000, 0.418, -0.390, 0.000, 0.001, -0.126
6.010, -0.000, 1.194, -1.085, -0.000, 1.194, -1.085, -0.000, 1.189, -1.091, -0.000, 1.189, -1.091, 0.000, 0.001, -0.264
6.020, -0.000, 1.666, -1.492, -0.000, 1.666, -1.492, -0.000, 1.662, -1.499, -0.000, 1.662, -1.499, 0.000, 0.001, -0.345
6.030, 0.000, 1.891, -1.662, 0.000, 1.890, -1.661, -0.000, 1.886, -1.669, -0.000, 1.886, -1.669, -0.000, 0.001, -0.379
6.040, 0.001, 1.934, -1.666, 0.001, 1.934, -1.665, -0.000, 1.930, -1.673, -0.000, 1.930, -1.673, -0.000, 0.001, -0.380
6.050, 0.001, 1.853, -1.563, 0.001, 1.853, -1.562, -0.000, 1.849, -1.570, -0.000, 1.849, -1.571, -0.000, 0.001, -0.359
6.060, 0.001, 1.691, -1.399, 0.001, 1.691, -1.398, -0.000, 1.688, -1.406, -0.000, 1.688, -1.406, -0.000, 0.001, -0.323
6.070, 0.000, 1.483, -1.205, 0.000, 1.483, -1.204, 0.000, 1.479, -1.212, 0.000, 1.479, -1.212, -0.000, 0.001, -0.280
6.080, 0.000, 1.253, -1.001, 0.001, 1.252, -1.001, 0.000, 1.249, -1.009, 0.001, 1.249, -1.008, -0.000, 0.001, -0.234
6.090, 0.000, 1.019, -0.803, 0.000, 1.019, -0.803, 0.000, 1.015, -0.810, 0.000, 1.015, -0.810, -0.000, 0.001, -0.188
6.100, 0.000, 0.383, -0.294, 0.000, 0.383, -0.294, 0.000, 0.380, -0.301, 0.000, 0.379, -0.301, -0.000, 0.001, -0.024
6.110, 0.000, -0.588, 0.469, 0.000, -0.588, 0.469, 0.000, -0.591, 0.461, 0.000, -0.591, 0.461, -0.000, 0.001, 0.152
6.120, 0.000, -1.280, 1.025, 0.000, -1.280, 1.025, 0.000, -1.284, 1.017, 0.000, -1.284, 1.017, -0.000, 0.001, 0.275
6.130, 0.000, -1.716, 1.397, 0.000, -1.716, 1.397, 0.000, -1.721, 1.389, 0.000, -1.721, 1.389, -0.000, 0.001, 0.351
6.140, 0.000, -1.933, 1.606, 0.000, -1.933, 1.606, 0.000, -1.939, 1.599, 0.000, -1.938, 1.599, -0.000, 0.001, 0.385
6.150, 0.000, -1.971, 1.674, 0.000, -1.970, 1.674, -0.000, -1.977, 1.667, -0.000, -1.976, 1.666, -0.000, 0.001, 0.387
6.160, 0.000, -1.871, 1.623, 0.000, -1.871, 1.623, -0.000, -1.877, 1.616, -0.000, -1.877, 1.615, -0.000, 0.001, 0.363
6.170, -0.000, -1.676, 1.482, -0.000, -1.675, 1.482, -0.000, -1.682, 1.474, -0.000, -1.681, 1.474, 0.000, 0.001, 0.321
6.180, -0.000, -1.423, 1.280, -0.000, -1.423, 1.279, -0.000, -1.429, 1.272, -0.000, -1.428, 1.271, 0.000, 0.001, 0.270
6.190, -0.000, -1.147, 1.046, -0.000, -1.146, 1.046, -0.000, -1.152, 1.038, -0.000, -1.152, 1.037, 0.000, 0.001, 0.215
6.200, -0.000, -0.873, 0.806, -0.000, -0.873, 0.806, -0.000, -0.879, 0.798, -0.000, -0.878, 0.797, 0.000, 0.001, 0.162
6.210, -0.000, -0.622, 0.580, -0.000, -0.621, 0.580, -0.000, -0.627, 0.571, -0.000, -0.627, 0.571, 0.000, 0.001, 0.113
6.220, -0.000, -0.404, 0.381, -0.000, -0.403, 0.380, -0.000, -0.409, 0.372, -0.000, -0.409, 0.372, 0.000, 0.001, 0.071
6.230, -0.000, -0.225, 0.215, -0.000, -0.224, 0.215, -0.000, -0.230, 0.207, -0.000, -0.229, 0.206, 0.000, 0.001, 0.038
6.240, -0.000, -0.085, 0.086, -0.000, -0.085, 0.086, -0.000, -0.090, 0.078, -0.000, -0.090, 0.077, 0.000, 0.001, 0.012
6.250, -0.000, 0.017, -0.009, -0.000, 0.017, -0.009, -0.000, 0.012, -0.017, -0.000, 0.012, -0.018, 0.000, 0.001, -0.007
6.260, -0.000, 0.086, -0.074, -0.000, 0.086, -0.074, -0.000, 0.081, -0.082, -0.000, 0.081, -0.082, 0.000, 0.001, -0.019
6.270, -0.000, 0.128, -0.113, -0.000, 0.128, -0.113, 0.000, 0.123, -0.121, 0.000, 0.123, -0.120, -0.000, 0.001, -0.026
6.280, -0.000, 0.148, -0.132, -0.000, 0.148, -0.132, 0.000, 0.144, -0.139, 0.000, 0.143, -0.139, -0.000, 0.001, -0.030
6.290, -0.000, 0.152, -0.136, -0.000, 0.152, -0.136, 0.000, 0.148, -0.143, 0.000, 0.148, -0.142, -0.000, 0.001, -0.028
6.300, -0.000, 0.123, -0.109, -0.000, 0.123, -0.109, 0.000, 0.120, -0.116, 0.000, 0.120, -0.115, 0.000, 0.001, -0.022
6.310, -0.000, 0.102, -0.090, -0.000, 0.102, -0.090, 0.000, 0.099, -0.096, 0.000, 0.099, -0.096, 0.000, 0.001, -0.020
6.320, -0.000, 0.094, -0.083, -0.000, 0.094, -0.083, 0.000, 0.091, -0.088, 0.000, 0.091, -0.088, 0.000, 0.001, -0.018
6.330, -0.000, 0.083, -0.073, -0.000, 0.083, -0.073, -0.000, 0.080, -0.078, -0.000, 0.080, -0.078, 0.000, 0.001, -0.016
6.340, -0.000, 0.070, -0.061, -0.000, 0.070, -0.061, -0.000, 0.067, -0.066, -0.000, 0.067, -0.066, 0.000, 0.001, -0.013
6.350, -0.000, 0.056, -0.049, -0.000, 0.056, -0.049, -0.000, 0.054, -0.053, -0.000, 0.054, -0.053, 0.000, 0.001, -0.011
6.360, -0.000, 0.043, -0.037, -0.000, 0.043, -0.037, -0.000, 0.041, -0.041, -0.000, 0.041, -0.041, 0.000, 0.000, -0.008
6.370, -0.000, 0.031, -0.026, -0.000, 0.031, -0.026, -0.000, 0.029, -0.029, -0.000, 0.029, -0.029, 0.000, 0.000, -0.006
6.380, -0.000, 0.021, -0.017, -0.000, 0.021, -0.017, -0.000, 0.019, -0.020, -0.000, 0.019, -0.020, 0.000, 0.000, -0.004
6.390, -0.000, 0.012, -0.010, -0.000, 0.012, -0.010, -0.000, 0.011, -0.012, -0.000, 0.011, -0.012, 0.000, 0.000, -0.002
6.400, -0.000, 0.006, -0.004, -0.000, 0.006, -0.004, -0.000, 0.004, -0.006, -0.000, 0.004, -0.005, 0.000, 0.000, -0.001
6.410, -0.000, 0.001, 0.001, -0.000, 0.000, 0.001, 0.000, -0.000, -0.001, 0.000, -0.000, -0.001, 0.000, 0.000, 0.000
6.420, 0.000, -0.003, 0.003, 0.000, -0.003, 0.004, 0.000, -0.003, 0.002, 0.000, -0.004, 0.003, 0.000, 0.000, 0.001
6.430, 0.000, -0.005, 0.005, 0.000, -0.005, 0.005, 0.000, -0.005, 0.004, 0.000, -0.005, 0.004, 0.000, 0.000, 0.001
6.440, 0.000, -0.005, 0.005, 0.000, -0.005, 0.005, 0.000, -0.005, 0.005, 0.000, -0.005, 0.005, 0.000, 0.000, 0.001
6.450, 0.000, -0.005, 0.005, 0.000, -0.005, 0.005, 0.000, -0.005, 0.005, 0.000, -0.005, 0.005, 0.000, -0.000, 0.001
6.460, 0.000, -0.005, 0.004, 0.000, -0.005, 0.004, 0.000, -0.005, 0.005, 0.000, -0.005, 0.005, 0.000, -0.000, 0.001
6.470, 0.000, -0.004, 0.004, 0.000, -0.004, 0.004, 0.000, -0.004, 0.004, 0.000, -0.004, 0.004, 0.000, -0.000, 0.001
6.480, 0.000, -0.004, 0.003, 0.000, -0.004, 0.003, 0.000, -0.003, 0.003, 0.000, -0.003, 0.003, 0.000, -0.000, 0.001
6.490, 0.000, -0.003, 0.003, 0.000, -0.003, 0.003, 0.000, -0.003, 0.003, 0.000, -0.003, 0.003, 0.000, -0.000, 0.000
6.500, 0.000, -0.003, 0.002, 0.000, -0.003, 0.002, 0.000, -0.003, 0.003, 0.000, -0.003, 0.003, 0.000, -0.000, 0.000
6.510, -0.000, -0.003, 0.002, 0.000, -0.002, 0.002, -0.000, -0.002, 0.003, -0.000, -0.002, 0.002, 0.000, -0.000, 0.000
6.520, 0.000, -0.002, 0.001, 0.000, -0.002, 0.001, -0.000, -0.002, 0.002, 0.000, -0.002, 0.002, 0.000, -0.000, 0.000
6.530, 0.000, -0.002, 0.001, 0.000, -0.002, 0.001, 0.000, -0.001, 0.002, 0.000, -0.001, 0.002, -0.000, -0.000, 0.000
6.540, 0.000, -0.002, 0.001, 0.000, -0.002, 0.001, 0.000, -0.001, 0.002, 0.000, -0.001, 0.002, -0.000, -0.000, 0.000
6.550, 0.000, -0.001, 0.001, 0.000, -0.001, 0.001, 0.000, -0.001, 0.002, 0.000, -0.001, 0.002, 0.000, -0.000, 0.000
6.560, 0.000, -0.001, 0.001, 0.000, -0.001, 0.001, 0.000, -0.001, 0.001, 0.000, -0.001, 0.001, 0.000, -0.000, 0.000
6.570, -0.000, -0.001, 0.000, -0.000, -0.001, 0.000, 0.000, -0.001, 0.001, 0.000, -0.001, 0.001, 0.000, -0.000, 0.000
6.580, 0.000, -0.001, 0.000, 0.000, -0.001, 0.000, 0.000, -0.000, 0.001, 0.000, -0.000, 0.001, 0.000, -0.000, -0.000
6.590, 0.000, -0.001, 0.000, 0.000, -0.001, 0.000, 0.000, -0.000, 0.001, 0.000, -0.000, 0.001, 0.000, -0.000, -0.000
6.600, -0.000, -0.001, 0.000, -0.000, -0.001, 0.000, -0.000, -0.000, 0.001, -0.000, -0.000, 0.001, 0.000, -0.000, -0.000
6.610, 0.000, -0.001, -0.000, 0.000, -0.001, -0.000, 0.000, -0.000, 0.001, 0.000, -0.000, 0.001, 0.000, -0.000, -0.000
6.620, -0.000, -0.001, -0.000, -0.000, -0.001, -0.000, -0.000, -0.000, 0.001, -0.000, 0.000, 0.001, 0.000, -0.000, -0.000
6.630, 0.000, -0.000, -0.000, 0.000, -0.001, -0.000, 0.000, 0.000, 0.001, 0.000, -0.000, 0.001, -0.000, -0.000, -0.000
6.640, -0.000, -0.000, -0.000, -0.000, -0.001, -0.000, 0.001, 0.000, 0.000, 0.001, -0.000, 0.001, -0.000, -0.000, -0.000
6.650, 0.000, -0.000, -0.000, 0.000, -0.000, -0.000, 0.000, 0.000, 0.000, 0.000, -0.000, 0.001, -0.000, -0.000, -0.000
6.660, 0.000, -0.000, -0.000, 0.000, -0.000, -0.000, 0.000, 0.000, 0.001, 0.000, 0.000, 0.001, -0.000, -0.000, -0.000
6.670, 0.000, -0.000, -0.000, 0.000, -0.000, -0.000, 0.000, 0.000, 0.001, 0.000, 0.000, 0.001, -0.000, -0.000, -0.000
6.680, 0.000, -0.000, -0.000, 0.000, -0.000, -0.000, 0.000, 0.000, 0.001, 0.000, 0.000, 0.001, 0.000, -0.000, -0.000
6.690, 0.000, -0.000, -0.000, 0.000, -0.000, -0.000, 0.000, 0.000, 0.001, 0.000, 0.000, 0.001, 0.000, -0.000, -0.000
6.700, -0.000, -0.001, -0.000, -0.000, -0.000, -0.000, -0.000, 0.000, 0.001, -0.000, 0.000, 0.000, 0.000, -0.000, -0.000
6.710, 0.000, -0.000, -0.000, 0.000, 0.000, -0.000, 0.000, 0.000, 0.001, 0.000, 0.000, 0.000, 0.000, -0.000, -0.000
6.720, 0.000, -0.000, -0.000, 0.000, 0.000, -0.000, 0.000, 0.000, 0.001, 0.000, 0.000, 0.000, 0.000, -0.000, -0.000
6.730, -0.000, -0.000, -0.000, -0.000, -0.000, -0.000, -0.000, 0.000, 0.000, -0.000, 0.000, 0.000, 0.000, -0.000, -0.000
6.740, 0.000, 0.000, -0.000, 0.000, 0.000, -0.000, 0.000, 0.000, 0.001, 0.000, 0.000, 0.000, 0.000, -0.000, -0.000
6.750, 0.000, -0.000, -0.000, 0.000, -0.000, -0.000, -0.000, 0.000, 0.001, -0.000, 0.000, 0.000, 0.000, -0.000, -0.000
6.760, -0.000, -0.000, -0.000, -0.000, -0.000, -0.000, -0.000, 0.000, 0.000, -0.000, 0.000, 0.000, 0.000, -0.000, -0.000
6.770, 0.000, 0.000, -0.000, 0.000, -0.000, -0.000, 0.000, 0.000, 0.000, 0.000, 0.000, 0.001, -0.000, -0.000, -0.000
6.780, 0.000, 0.000, -0.000, 0.000, -0.000, -0.000, 0.000, 0.000, 0.000, 0.000, 0.000, 0.001, -0.000, -0.000, -0.000
6.790, 0.000, 0.000, -0.000, 0.000, -0.000, -0.000, 0.000, 0.000, 0.000, 0.000, 0.000, 0.001, 0.000, -0.000, -0.000
6.800, -0.000, -0.000, -0.000, -0.000, -0.000, -0.000, 0.000, 0.000, 0.000, 0.000, 0.000, 0.000, 0.000, -0.000, -0.000
6.810, 0.000, -0.000, -0.000, 0.000, 0.000, -0.000, 0.000, 0.000, 0.000, 0.000, 0.000, 0.000, 0.000, -0.000, -0.000
6.820, 0.000, 0.000, -0.000, 0.000, 0.000, -0.000, 0.000, 0.000, 0.000, 0.000, 0.000, 0.000, 0.000, -0.000, -0.000
6.830, -0.000, -0.000, -0.000, -0.000, -0.000, -0.000, -0.000, 0.000, 0.000, -0.000, 0.000, 0.000, 0.000, -0.000, -0.000
6.840, 0.000, 0.000, -0.000, 0.000, 0.000, -0.000, 0.000, 0.000, 0.000, 0.000, 0.000, 0.000, 0.000, -0.000, -0.000
6.850, 0.000, 0.000, -0.000, 0.000, 0.000, -0.000, 0.000, 0.000, 0.000, 0.000, 0.000, 0.000, 0.000, -0.000, -0.000
6.860, -0.000, -0.000, -0.000, -0.000, -0.000, -0.000, -0.000, 0.000, 0.000, -0.000, 0.000, 0.000, 0.000, -0.000, -0.000
6.870, -0.000, -0.000, -0.000, 0.000, -0.000, -0.000, 0.001, 0.000, -0.000, 0.001, 0.000, 0.001, -0.000, -0.000, -0.000
6.880, 0.000, 0.000, 0.000, 0.000, -0.000, -0.000, 0.000, 0.000, 0.000, 0.000, 0.000, 0.001, -0.000, -0.000, -0.000
6.890, 0.000, 0.000, 0.000, 0.000, 0.000, -0.000, 0.000, 0.000, 0.000, 0.000, 0.000, 0.000, -0.000, -0.000, -0.000
6.900, 0.000, 0.000, -0.000, 0.000, 0.000, -0.000, 0.000, 0.000, 0.000, 0.000, 0.000, 0.000, -0.000, -0.000, -0.000
6.910, 0.000, 0.000, -0.000, 0.000, 0.000, -0.000, 0.000, 0.000, 0.000, 0.000, 0.000, 0.000, 0.000, -0.000, -0.000
6.920, -0.000, -0.000, -0.000, -0.000, -0.000, -0.000, 0.000, 0.000, 0.000, 0.000, 0.000, 0.000, 0.000, -0.000, -0.000
6.930, 0.000, 0.000, -0.000, 0.000, 0.000, -0.000, 0.000, 0.000, 0.000, 0.000, 0.000, 0.000, 0.000, -0.000, -0.000
6.940, 0.000, 0.000, -0.000, 0.000, 0.000, -0.000, 0.000, 0.000, 0.000, 0.000, 0.000, 0.000, 0.000, -0.000, -0.000
6.950, -0.000, -0.000, -0.000, -0.000, -0.000, 0.000, -0.000, 0.000, 0.000, -0.000, 0.000, 0.000, 0.000, -0.000, -0.000
6.960, 0.000, 0.000, -0.000, 0.000, 0.000, 0.000, -0.000, 0.000, 0.000, -0.000, 0.000, 0.000, 0.000, -0.000, -0.000
6.970, 0.000, 0.000, -0.000, 0.000, 0.000, 0.000, 0.000, 0.000, 0.000, 0.000, 0.000, 0.000, 0.000, -0.000, -0.000
6.980, 0.000, 0.000, -0.000, 0.000, 0.000, 0.000, -0.000, 0.000, 0.000, -0.000, 0.000, 0.000, 0.000, -0.000, -0.000
6.990, -0.000, -0.000, -0.000, 0.000, 0.000, -0.000, -0.000, 0.000, 0.000, -0.000, 0.000, 0.000, 0.000, -0.000, -0.000
7.000, 0.000, 0.000, -0.000, 0.000, 0.000, 0.000, -0.000, 0.000, 0.000, -0.000, 0.000, 0.000, 0.000, -0.000, -0.000
7.010, 0.000, 0.000, 0.000, 0.000, 0.000, -0.000, 0.000, 0.000, 0.000, 0.000, 0.000, 0.000, -0.000, -0.000, -0.000
7.020, -0.000, 0.000, 0.000, -0.000, -0.000, -0.000, 0.001, 0.000, -0.000, 0.001, 0.000, 0.001, -0.000, -0.000, -0.000
7.030, 0.000, 0.000, 0.000, 0.000, 0.000, -0.000, 0.000, 0.000, 0.000, 0.000, 0.000, 0.000, -0.000, -0.000, -0.000
7.040, 0.000, 0.000, 0.000, 0.000, 0.000, -0.000, 0.000, 0.000, 0.000, 0.000, 0.000, 0.000, -0.000, -0.000, -0.000
7.050, 0.000, 0.000, 0.000, 0.000, 0.000, 0.000, 0.000, 0.000, 0.000, 0.000, 0.000, 0.000, 0.000, -0.000, -0.000
7.060, 0.000, 0.000, 0.000, 0.000, 0.000, 0.000, 0.000, 0.000, 0.000, 0.000, 0.000, 0.000, 0.000, -0.000, -0.000
7.070, 0.000, 0.000, 0.000, 0.000, 0.000, 0.000, 0.000, 0.000, 0.000, 0.000, 0.000, 0.000, 0.000, -0.000, -0.000
7.080, 0.000, 0.000, 0.000, 0.000, 0.000, 0.000, 0.000, 0.000, 0.000, 0.000, 0.000, 0.000, 0.000, -0.000, -0.000
7.090, 0.000, 0.000, 0.000, 0.000, 0.000, 0.000, 0.000, 0.000, 0.000, 0.000, 0.000, 0.000, 0.000, -0.000, -0.000
7.100, 0.000, 0.000, 0.000, 0.000, 0.000, 0.000, 0.000, 0.000, 0.000, 0.000, 0.000, 0.000, 0.000, -0.000, -0.000
7.110, 0.000, 0.000, 0.000, 0.000, 0.000, 0.000, 0.000, 0.000, 0.000, 0.000, 0.000, 0.000, 0.000, -0.000, -0.000
7.120, 0.000, 0.000, 0.000, 0.000, 0.000, 0.000, 0.000, 0.000, 0.000, 0.000, 0.000, 0.000, 0.000, -0.000, -0.000
7.130, 0.000, 0.000, 0.000, 0.000, 0.000, 0.000, 0.000, 0.000, 0.000, 0.000, 0.000, 0.000, 0.000, -0.000, -0.000
7.140, 0.000, 0.000, -0.000, 0.000, 0.000, 0.000, -0.000, 0.000, 0.000, -0.000, 0.000, 0.000, 0.000, -0.000, -0.000
7.150, 0.000, 0.000, -0.000, 0.000, 0.000, 0.000, 0.000, 0.000, 0.000, 0.000, 0.000, 0.000, 0.000, -0.000, -0.000
7.160, 0.000, 0.000, 0.000, 0.000, 0.000, 0.000, -0.000, 0.000, 0.000, -0.000, 0.000, 0.000, 0.000, -0.000, -0.000
7.170, 0.000, 0.000, 0.000, 0.000, 0.000, -0.000, 0.000, 0.000, 0.000, 0.000, 0.000, 0.000, -0.000, -0.000, -0.000
7.180, -0.000, 0.000, -0.000, -0.000, -0.000, -0.000, 0.000, 0.000, -0.000, 0.000, 0.000, 0.000, -0.000, -0.000, -0.000
7.190, 0.000, 0.000, 0.000, 0.000, 0.000, -0.000, 0.000, 0.000, -0.000, 0.000, -0.000, 0.000, -0.000, -0.000, -0.000
7.200, 0.000, 0.000, 0.000, 0.000, 0.000, 0.000, 0.000, 0.000, 0.000, 0.000, 0.000, 0.000, -0.000, -0.000, -0.000
7.210, 0.000, 0.000, 0.000, 0.000, 0.000, 0.000, 0.000, 0.000, 0.000, 0.000, 0.000, 0.000, 0.000, -0.000, -0.000
7.220, 0.000, 0.000, 0.000, 0.000, 0.000, 0.000, 0.000, 0.000, 0.000, 0.000, 0.000, 0.000, 0.000, -0.000, -0.000
7.230, 0.000, 0.000, 0.000, 0.000, 0.000, 0.000, 0.000, 0.000, 0.000, 0.000, 0.000, 0.000, 0.000, -0.000, -0.000
7.240, 0.000, 0.000, 0.000, 0.000, 0.000, 0.000, 0.000, 0.000, 0.000, 0.000, 0.000, 0.000, 0.000, -0.000, -0.000
7.250, 0.000, 0.000, 0.000, 0.000, 0.000, 0.000, 0.000, 0.000, 0.000, 0.000, 0.000, 0.000, 0.000, -0.000, -0.000
7.260, 0.000, 0.000, 0.000, 0.000, 0.000, 0.000, 0.000, 0.000, 0.000, 0.000, 0.000, 0.000, 0.000, -0.000, -0.000
7.270, 0.000, 0.000, 0.000, 0.000, 0.000, 0.000, 0.000, 0.000, 0.000, 0.000, 0.000, 0.000, 0.000, -0.000, -0.000
7.280, 0.000, 0.000, 0.000, 0.000, 0.000, 0.000, 0.000, 0.000, 0.000, 0.000, 0.000, 0.000, 0.000, -0.000, -0.000
7.290, 0.000, 0.000, 0.000, 0.000, 0.000, 0.000, 0.000, 0.000, 0.000, 0.000, 0.000, 0.000, 0.000, -0.000, -0.000
7.300, 0.000, 0.000, 0.000, 0.000, 0.000, 0.000, -0.000, 0.000, 0.000, 0.000, 0.000, 0.000, 0.000, -0.000, -0.000
7.310, 0.000, 0.000, 0.000, 0.000, 0.000, 0.000, -0.000, 0.000, 0.000, -0.000, 0.000, 0.000, 0.000, -0.000, -0.000
7.320, 0.000, 0.000, 0.000, 0.000, 0.000, 0.000, -0.000, 0.000, 0.000, -0.000, 0.000, 0.000, 0.000, -0.000, -0.000
7.330, 0.000, 0.000, 0.000, 0.000, 0.000, 0.000, 0.000, 0.000, -0.000, 0.000, 0.000, 0.000, -0.000, -0.000, -0.000
7.340, 0.000, 0.000, 0.000, 0.000, 0.000, 0.000, 0.000, 0.000, 0.000, 0.000, 0.000, 0.000, 0.000, -0.000, -0.000
7.350, 0.000, 0.000, 0.000, 0.000, 0.000, 0.000, 0.000, 0.000, 0.000, 0.000, 0.000, 0.000, 0.000, -0.000, -0.000
7.360, 0.000, 0.000, 0.000, 0.000, 0.000, 0.000, 0.000, 0.000, 0.000, 0.000, 0.000, 0.000, 0.000, -0.000, -0.000
7.370, 0.000, 0.000, 0.000, 0.000, 0.000, 0.000, 0.000, 0.000, 0.000, 0.000, 0.000, 0.000, 0.000, -0.000, -0.000
7.380, 0.000, 0.000, 0.000, 0.000, 0.000, 0.000, 0.000, 0.000, 0.000, 0.000, 0.000, 0.000, 0.000, -0.000, -0.000
7.390, 0.000, 0.000, 0.000, 0.000, 0.000, 0.000, 0.000, 0.000, 0.000, 0.000, 0.000, 0.000, 0.000, -0.000, -0.000
7.400, 0.000, 0.000, 0.000, 0.000, 0.000, -0.000, 0.000, 0.000, 0.000, 0.000, 0.000, 0.000, 0.000, -0.000, -0.000
7.410, 0.000, 0.000, 0.000, 0.000, 0.000, -0.000, 0.000, 0.000, 0.000, 0.000, 0.000, 0.000, 0.000, -0.000, -0.000
7.420, 0.000, 0.000, 0.000, 0.000, 0.000, 0.000, 0.000, 0.000, 0.000, 0.000, 0.000, 0.000, 0.000, -0.000, -0.000
7.430, 0.000, 0.000, 0.000, 0.000, 0.000, -0.000, -0.000, 0.000, 0.000, -0.000, 0.000, 0.000, 0.000, -0.000, -0.000
7.440, 0.000, 0.000, 0.000, 0.000, 0.000, 0.000, 0.000, 0.000, -0.000, 0.000, 0.000, 0.000, -0.000, -0.000, -0.000
7.450, -0.000, 0.000, -0.000, -0.000, 0.000, -0.000, 0.000, 0.000, -0.000, 0.000, 0.000, 0.000, -0.000, -0.000, -0.000
7.460, 0.000, 0.000, 0.000, 0.000, 0.000, 0.000, 0.000, 0.000, -0.000, 0.000, 0.000, 0.000, -0.000, -0.000, -0.000
7.470, 0.000, 0.000, 0.000, 0.000, 0.000, 0.000, 0.000, 0.000, 0.000, 0.000, 0.000, 0.000, -0.000, -0.000, -0.000
7.480, 0.000, 0.000, 0.000, 0.000, 0.000, 0.000, 0.000, 0.000, 0.000, 0.000, 0.000, 0.000, 0.000, -0.000, -0.000
7.490, 0.000, 0.000, 0.000, 0.000, 0.000, 0.000, 0.000, 0.000, 0.000, 0.000, 0.000, 0.000, 0.000, -0.000, -0.000
7.500, 0.000, 0.000, 0.000, 0.000, 0.000, 0.000, 0.000, 0.000, 0.000, 0.000, 0.000, -0.000, 0.000, -0.000, -0.000
7.510, 0.000, 0.000, 0.000, 0.000, 0.000, 0.000, 0.000, 0.000, 0.000, 0.000, 0.000, -0.000, 0.000, -0.000, -0.000
7.520, 0.000, 0.000, 0.000, 0.000, 0.000, 0.000, 0.000, 0.000, 0.000, 0.000, 0.000, -0.000, 0.000, -0.000, -0.000
7.530, 0.000, 0.000, 0.000, 0.000, 0.000, -0.000, 0.000, 0.000, 0.000, 0.000, 0.000, 0.000, 0.000, -0.000, -0.000
7.540, 0.000, 0.000, 0.000, 0.000, 0.000, 0.000, -0.000, 0.000, 0.000, -0.000, 0.000, 0.000, 0.000, -0.000, -0.000
7.550, 0.000, 0.000, 0.000, 0.000, 0.000, 0.000, -0.000, 0.000, 0.000, -0.000, 0.000, 0.000, 0.000, -0.000, -0.000
7.560, 0.000, 0.000, 0.000, 0.000, 0.000, 0.000, 0.000, 0.000, 0.000, 0.000, 0.000, 0.000, -0.000, -0.000, -0.000
7.570, 0.000, 0.000, 0.000, 0.000, 0.000, 0.000, 0.000, 0.000, -0.000, 0.000, 0.000, 0.000, -0.000, -0.000, -0.000
7.580, 0.000, 0.000, 0.000, 0.000, 0.000, 0.000, 0.000, 0.000, -0.000, 0.000, 0.000, 0.000, -0.000, -0.000, -0.000
7.590, 0.000, 0.000, 0.000, 0.000, 0.000, 0.000, 0.000, 0.000, 0.000, 0.000, 0.000, 0.000, -0.000, -0.000, -0.000
7.600, 0.000, 0.000, 0.000, 0.000, 0.000, 0.000, 0.000, 0.000, 0.000, 0.000, 0.000, 0.000, 0.000, -0.000, -0.000
7.610, 0.000, 0.000, 0.000, 0.000, 0.000, 0.000, 0.000, 0.000, 0.000, 0.000, 0.000, 0.000, 0.000, -0.000, -0.000
7.620, 0.000, 0.000, 0.000, 0.000, 0.000, 0.000, 0.000, 0.000, 0.000, 0.000, 0.000, -0.000, 0.000, -0.000, -0.000
7.630, 0.000, 0.000, 0.000, 0.000, 0.000, 0.000, 0.000, 0.000, 0.000, 0.000, 0.000, -0.000, 0.000, -0.000, -0.000
7.640, 0.000, 0.000, 0.000, 0.000, 0.000, 0.000, 0.000, 0.000, 0.000, 0.000, 0.000, -0.000, 0.000, -0.000, -0.000
7.650, 0.000, 0.000, 0.000, 0.000, 0.000, -0.000, -0.000, 0.000, 0.000, -0.000, 0.000, 0.000, 0.000, -0.000, -0.000
7.660, 0.000, 0.000, 0.000, 0.000, 0.000, -0.000, -0.000, 0.000, 0.000, -0.000, 0.000, 0.000, 0.000, -0.000, -0.000
7.670, 0.000, 0.000, 0.000, 0.000, 0.000, 0.000, 0.000, 0.000, 0.000, 0.000, 0.000, 0.000, -0.000, -0.000, -0.000
7.680, 0.000, 0.000, 0.000, 0.000, 0.000, 0.000, 0.000, 0.000, 0.000, 0.000, 0.000, 0.000, 0.000, -0.000, -0.000
7.690, 0.000, 0.000, 0.000, 0.000, 0.000, 0.000, 0.000, 0.000, 0.000, 0.000, 0.000, 0.000, 0.000, -0.000, -0.000
7.700, 0.000, 0.000, 0.000, 0.000, 0.000, 0.000, 0.000, 0.000, 0.000, 0.000, 0.000, 0.000, 0.000, -0.000, -0.000
7.710, 0.000, 0.000, 0.000, 0.000, 0.000, 0.000, 0.000, 0.000, 0.000, 0.000, 0.000, 0.000, 0.000, -0.000, -0.000
7.720, 0.000, 0.000, 0.000, 0.000, 0.000, 0.000, 0.000, 0.000, 0.000, 0.000, 0.000, -0.000, 0.000, -0.000, -0.000
7.730, 0.000, 0.000, 0.000, 0.000, 0.000, 0.000, 0.000, 0.000, 0.000, 0.000, 0.000, 0.000, 0.000, -0.000, -0.000
7.740, 0.000, 0.000, 0.000, 0.000, 0.000, 0.000, -0.000, 0.000, 0.000, -0.000, 0.000, 0.000, 0.000, -0.000, -0.000
7.750, -0.000, 0.000, 0.000, -0.000, -0.000, -0.000, 0.001, 0.000, -0.000, 0.001, -0.000, 0.000, -0.000, -0.000, -0.000
7.760, 0.000, 0.000, -0.000, 0.000, -0.000, 0.000, 0.000, 0.000, -0.000, 0.000, -0.000, 0.000, -0.000, -0.000, -0.000
7.770, 0.000, 0.000, -0.000, 0.000, -0.000, 0.000, 0.000, 0.000, -0.000, 0.000, -0.000, 0.000, -0.000, -0.000, -0.000
7.780, 0.000, 0.000, 0.000, 0.000, 0.000, 0.000, 0.000, 0.000, 0.000, 0.000, 0.000, 0.000, -0.000, -0.000, -0.000
7.790, 0.000, 0.000, 0.000, 0.000, 0.000, 0.000, 0.000, 0.000, 0.000, 0.000, 0.000, 0.000, -0.000, -0.000, -0.000
7.800, 0.000, 0.000, 0.000, 0.000, 0.000, 0.000, 0.000, 0.000, 0.000, 0.000, 0.000, 0.000, -0.000, -0.000, -0.000
7.810, 0.000, 0.000, 0.000, 0.000, 0.000, 0.000, 0.000, 0.000, 0.000, 0.000, 0.000, 0.000, 0.000, -0.000, -0.000
7.820, 0.000, 0.000, 0.000, 0.000, 0.000, 0.000, 0.000, 0.000, 0.000, 0.000, 0.000, -0.000, 0.000, -0.000, -0.000
7.830, 0.000, 0.000, 0.000, 0.000, 0.000, 0.000, 0.000, 0.000, 0.000, 0.000, 0.000, -0.000, 0.000, -0.000, -0.000
7.840, 0.000, 0.000, 0.000, 0.000, 0.000, 0.000, 0.000, 0.000, 0.000, 0.000, 0.000, -0.000, 0.000, -0.000, -0.000
7.850, 0.000, 0.000, 0.000, 0.000, 0.000, 0.000, 0.000, 0.000, 0.000, 0.000, 0.000, 0.000, 0.000, -0.000, -0.000
7.860, 0.000, 0.000, 0.000, 0.000, 0.000, 0.000, -0.000, 0.000, 0.000, -0.000, 0.000, -0.000, 0.000, -0.000, -0.000
7.870, 0.000, 0.000, 0.000, -0.000, 0.000, 0.000, -0.000, 0.000, 0.000, -0.000, 0.000, 0.000, 0.000, -0.000, -0.000
7.880, -0.000, 0.000, -0.000, -0.000, 0.000, 0.000, -0.000, 0.000, 0.000, -0.000, 0.000, 0.000, 0.000, -0.000, -0.000
7.890, 0.000, 0.000, -0.000, 0.000, -0.000, 0.000, 0.000, 0.000, -0.000, 0.000, -0.000, 0.000, -0.000, 0.000, -0.000
7.900, 0.001, 0.001, -0.000, 0.001, -0.000, 0.000, 0.001, 0.001, -0.000, 0.001, -0.000, 0.000, -0.000, 0.000, -0.000
7.910, 0.000, 0.000, -0.000, 0.000, -0.000, 0.000, 0.000, 0.000, -0.000, 0.000, -0.000, 0.000, -0.000, 0.000, -0.000
7.920, 0.000, 0.000, -0.000, 0.000, -0.000, 0.000, 0.000, 0.000, 0.000, 0.000, 0.000, 0.000, -0.000, 0.000, -0.000
7.930, 0.000, 0.000, 0.000, 0.000, 0.000, 0.000, 0.000, 0.000, 0.000, 0.000, 0.000, 0.000, -0.000, 0.000, -0.000
7.940, 0.000, 0.000, 0.000, 0.000, 0.000, 0.000, 0.000, 0.000, 0.000, 0.000, 0.000, 0.000, -0.000, 0.000, -0.000
7.950, 0.000, 0.000, 0.000, 0.000, 0.000, 0.000, 0.000, 0.000, 0.000, 0.000, 0.000, 0.000, -0.000, 0.000, -0.000
7.960, 0.000, 0.000, 0.000, 0.000, 0.000, 0.000, 0.000, 0.000, 0.000, 0.000, 0.000, 0.000, 0.000, 0.000, -0.000
7.970, 0.000, 0.000, 0.000, 0.000, 0.000, 0.000, 0.000, 0.000, 0.000, 0.000, 0.000, -0.000, 0.000, 0.000, -0.000
7.980, -0.000, -0.000, 0.000, -0.000, 0.000, -0.000, -0.000, 0.000, 0.000, -0.000, 0.000, -0.000, 0.000, 0.000, -0.000
7.990, -0.000, -0.000, 0.000, -0.000, 0.000, -0.000, -0.000, 0.000, 0.000, -0.000, 0.000, -0.000, 0.000, 0.000, -0.000
8.000, -0.000, -0.000, 0.000, -0.000, 0.000, 0.000, -0.000, -0.000, 0.000, -0.000, 0.000, 0.000, 0.000, 0.000, -0.000
8.010, -0.000, -0.000, 0.000, -0.000, 0.000, -0.000, -0.000, 0.000, 0.000, -0.000, 0.000, 0.000, 0.000, 0.000, -0.000
8.020, -0.000, -0.000, 0.000, -0.000, 0.000, 0.000, -0.000, 0.000, 0.000, -0.000, 0.000, 0.000, 0.000, 0.000, -0.000
8.030, -0.000, -0.000, 0.000, -0.000, 0.000, 0.000, -0.000, 0.000, 0.000, -0.000, 0.000, 0.000, 0.000, 0.000, -0.000
8.040, -0.000, -0.000, 0.000, -0.000, 0.000, 0.000, -0.000, 0.000, 0.000, -0.000, 0.000, -0.000, -0.000, 0.000, -0.000
8.050, 0.001, 0.000, -0.000, 0.001, -0.000, 0.000, 0.001, 0.000, -0.000, 0.001, -0.000, 0.000, -0.000, 0.000, -0.000
8.060, 0.001, 0.000, -0.000, 0.001, -0.000, 0.000, 0.001, 0.000, -0.000, 0.001, -0.000, 0.000, -0.000, 0.000, -0.000
8.070, 0.000, 0.000, -0.000, 0.000, 0.000, 0.000, 0.000, 0.000, -0.000, 0.000, 0.000, 0.000, -0.000, 0.000, -0.000
8.080, 0.000, 0.000, 0.000, 0.000, 0.000, 0.000, 0.000, 0.000, 0.000, 0.000, 0.000, 0.000, -0.000, 0.000, -0.000
8.090, 0.000, 0.000, 0.000, 0.000, 0.000, 0.000, 0.000, 0.000, 0.000, 0.000, 0.000, 0.000, -0.000, 0.000, -0.000
8.100, 0.000, 0.000, 0.000, 0.000, 0.000, 0.000, 0.000, 0.000, 0.000, 0.000, 0.000, 0.000, -0.000, 0.000, -0.000
8.110, 0.000, 0.000, 0.000, 0.000, 0.000, 0.000, 0.000, 0.000, 0.000, 0.000, 0.000, 0.000, 0.000, 0.000, -0.000
8.120, 0.000, 0.000, 0.000, 0.000, 0.000, -0.000, 0.000, 0.000, 0.000, 0.000, 0.000, 0.000, 0.000, 0.000, -0.000
8.130, -0.000, -0.000, 0.000, 0.000, 0.000, 0.000, 0.000, 0.000, 0.000, 0.000, 0.000, -0.000, 0.000, 0.000, -0.000
8.140, -0.000, -0.000, 0.000, -0.000, 0.000, 0.000, -0.000, -0.000, 0.000, -0.000, 0.000, 0.000, 0.000, 0.000, -0.000
8.150, -0.000, -0.000, 0.000, -0.000, 0.000, 0.000, -0.000, -0.000, 0.000, -0.000, 0.000, 0.000, 0.000, 0.000, -0.000
8.160, -0.000, -0.000, 0.000, -0.000, 0.000, 0.000, -0.000, -0.000, 0.000, -0.000, 0.000, 0.000, 0.000, 0.000, -0.000
8.170, -0.000, -0.000, 0.000, -0.000, 0.000, 0.000, -0.000, -0.000, 0.000, -0.000, 0.000, 0.000, 0.000, 0.000, -0.000
8.180, -0.000, -0.000, 0.000, -0.000, 0.000, 0.000, -0.000, -0.000, 0.000, -0.000, 0.000, 0.000, 0.000, 0.000, -0.000
8.190, -0.000, -0.000, 0.000, -0.000, 0.000, 0.000, -0.000, 0.000, 0.000, -0.000, 0.000, 0.000, 0.000, 0.000, -0.000
8.200, 0.000, 0.000, 0.000, 0.000, 0.000, 0.000, 0.000, 0.000, 0.000, 0.000, 0.000, 0.000, -0.000, 0.000, -0.000
8.210, 0.000, 0.000, -0.000, 0.000, 0.000, 0.000, 0.000, 0.000, -0.000, 0.000, -0.000, 0.000, -0.000, 0.000, -0.000
8.220, 0.000, 0.000, 0.000, 0.000, 0.000, 0.000, 0.000, 0.000, 0.000, 0.000, 0.000, 0.000, -0.000, 0.000, -0.000
8.230, 0.000, 0.000, 0.000, 0.000, 0.000, 0.000, 0.000, 0.000, 0.000, 0.000, 0.000, 0.000, -0.000, 0.000, -0.000
8.240, 0.000, 0.000, 0.000, 0.000, 0.000, 0.000, 0.000, 0.000, 0.000, 0.000, 0.000, 0.000, 0.000, 0.000, -0.000
8.250, 0.000, 0.000, 0.000, 0.000, 0.000, 0.000, 0.000, 0.000, 0.000, 0.000, 0.000, 0.000, 0.000, 0.000, -0.000
8.260, 0.000, 0.000, 0.000, 0.000, 0.000, 0.000, 0.000, 0.000, 0.000, 0.000, 0.000, 0.000, 0.000, 0.000, -0.000
8.270, 0.000, 0.000, 0.000, 0.000, 0.000, -0.000, 0.000, 0.000, 0.000, 0.000, 0.000, 0.000, 0.000, 0.000, -0.000
8.280, 0.000, 0.000, 0.000, 0.000, 0.000, 0.000, 0.000, 0.000, 0.000, 0.000, 0.000, 0.000, 0.000, 0.000, -0.000
8.290, 0.000, 0.000, 0.000, 0.000, 0.000, 0.000, 0.000, 0.000, 0.000, 0.000, 0.000, -0.000, 0.000, 0.000, -0.000
8.300, 0.000, 0.000, 0.000, 0.000, 0.000, 0.000, 0.000, 0.000, 0.000, 0.000, 0.000, 0.000, 0.000, 0.000, -0.000
8.310, 0.000, 0.000, 0.000, 0.000, 0.000, 0.000, 0.000, 0.000, 0.000, 0.000, 0.000, -0.000, 0.000, 0.000, -0.000
8.320, -0.000, 0.000, 0.000, -0.000, 0.000, 0.000, -0.000, 0.000, 0.000, 0.000, 0.000, 0.000, 0.000, 0.000, -0.000
8.330, 0.000, 0.000, -0.000, 0.000, 0.000, 0.000, 0.000, 0.000, 0.000, 0.000, 0.000, 0.000, -0.000, 0.000, -0.000
8.340, 0.001, 0.000, -0.000, 0.001, -0.000, 0.000, 0.000, 0.000, -0.000, 0.000, -0.000, 0.000, -0.000, 0.000, -0.000
8.350, 0.000, 0.000, -0.000, 0.000, -0.000, 0.000, 0.000, 0.000, -0.000, 0.000, -0.000, 0.000, -0.000, 0.000, -0.000
8.360, 0.000, 0.000, -0.000, 0.000, 0.000, 0.000, 0.000, 0.000, 0.000, 0.000, 0.000, 0.000, -0.000, 0.000, -0.000
8.370, 0.000, 0.000, 0.000, 0.000, 0.000, 0.000, 0.000, 0.000, 0.000, 0.000, 0.000, 0.000, -0.000, 0.000, -0.000
8.380, 0.000, 0.000, 0.000, 0.000, 0.000, 0.000, 0.000, 0.000, 0.000, 0.000, 0.000, 0.000, -0.000, 0.000, -0.000
8.390, 0.000, 0.000, 0.000, 0.000, 0.000, 0.000, 0.000, 0.000, 0.000, 0.000, 0.000, 0.000, 0.000, 0.000, -0.000
8.400, 0.000, 0.000, 0.000, 0.000, 0.000, 0.000, 0.000, 0.000, 0.000, 0.000, 0.000, -0.000, 0.000, 0.000, -0.000
8.410, 0.000, 0.000, 0.000, 0.000, 0.000, -0.000, 0.000, 0.000, 0.000, 0.000, 0.000, -0.000, 0.000, 0.000, -0.000
8.420, 0.000, 0.000, 0.000, 0.000, 0.000, 0.000, 0.000, 0.000, 0.000, 0.000, 0.000, -0.000, 0.000, 0.000, -0.000
8.430, 0.000, 0.000, 0.000, 0.000, 0.000, 0.000, 0.000, 0.000, 0.000, 0.000, 0.000, 0.000, 0.000, 0.000, -0.000
8.440, 0.000, 0.000, 0.000, 0.000, 0.000, 0.000, 0.000, 0.000, 0.000, 0.000, 0.000, 0.000, 0.000, 0.000, -0.000
8.450, -0.000, 0.000, 0.000, 0.000, 0.000, 0.000, 0.000, 0.000, 0.000, 0.000, 0.000, 0.000, 0.000, 0.000, -0.000
8.460, -0.000, -0.000, 0.000, -0.000, 0.000, 0.000, -0.000, 0.000, 0.000, -0.000, 0.000, -0.000, 0.000, 0.000, -0.000
8.470, -0.000, 0.000, 0.000, -0.000, 0.000, 0.000, -0.000, 0.000, 0.000, -0.000, 0.000, -0.000, 0.000, 0.000, -0.000
8.480, -0.000, 0.000, 0.000, -0.000, 0.000, -0.000, -0.000, -0.000, 0.000, -0.000, -0.000, 0.000, 0.000, 0.000, -0.000
8.490, 0.000, 0.000, 0.000, 0.000, 0.000, 0.000, 0.000, 0.000, -0.000, 0.000, 0.000, 0.000, -0.000, 0.000, -0.000
8.500, -0.000, 0.000, 0.000, -0.000, 0.000, 0.000, 0.001, 0.000, -0.000, 0.000, 0.000, 0.000, -0.000, 0.000, -0.000
8.510, 0.000, 0.000, -0.000, 0.000, -0.000, 0.000, 0.000, 0.000, -0.000, 0.000, -0.000, 0.000, -0.000, 0.000, -0.000
8.520, 0.000, 0.000, 0.000, 0.000, 0.000, 0.000, 0.000, 0.000, -0.000, 0.000, 0.000, 0.000, -0.000, 0.000, -0.000
8.530, 0.000, 0.000, 0.000, 0.000, 0.000, 0.000, 0.000, 0.000, 0.000, 0.000, 0.000, 0.000, -0.000, 0.000, -0.000
8.540, 0.000, 0.000, 0.000, 0.000, 0.000, 0.000, 0.000, 0.000, 0.000, 0.000, 0.000, 0.000, -0.000, 0.000, -0.000
8.550, 0.000, 0.000, 0.000, 0.000, 0.000, 0.000, 0.000, 0.000, 0.000, 0.000, 0.000, 0.000, 0.000, 0.000, -0.000
8.560, 0.000, 0.000, 0.000, 0.000, 0.000, 0.000, 0.000, 0.000, 0.000, 0.000, 0.000, 0.000, 0.000, 0.000, -0.000
8.570, 0.000, 0.000, 0.000, 0.000, 0.000, -0.000, 0.000, 0.000, 0.000, 0.000, 0.000, 0.000, 0.000, 0.000, -0.000
8.580, 0.000, 0.000, 0.000, 0.000, 0.000, -0.000, 0.000, 0.000, 0.000, 0.000, 0.000, -0.000, 0.000, 0.000, -0.000
8.590, 0.000, 0.000, 0.000, 0.000, 0.000, 0.000, 0.000, 0.000, 0.000, 0.000, 0.000, -0.000, 0.000, 0.000, -0.000
8.600, 0.000, 0.000, 0.000, 0.000, 0.000, 0.000, 0.000, 0.000, 0.000, 0.000, 0.000, -0.000, 0.000, 0.000, -0.000
8.610, 0.000, 0.000, 0.000, 0.000, 0.000, 0.000, -0.000, 0.000, 0.000, -0.000, 0.000, 0.000, 0.000, 0.000, -0.000
8.620, -0.000, 0.000, 0.000, -0.000, 0.000, 0.000, -0.000, 0.000, 0.000, -0.000, 0.000, 0.000, 0.000, 0.000, -0.000
8.630, 0.000, 0.000, -0.000, 0.000, 0.000, 0.000, 0.000, 0.000, 0.000, 0.000, 0.000, 0.000, -0.000, 0.000, -0.000
8.640, 0.001, 0.000, -0.000, 0.001, -0.000, 0.000, -0.000, 0.000, 0.000, -0.000, 0.000, 0.000, -0.000, 0.000, -0.000
8.650, 0.000, 0.000, -0.000, 0.000, -0.000, 0.000, 0.001, 0.000, -0.000, 0.001, -0.000, 0.000, -0.000, 0.000, -0.000
8.660, 0.000, 0.000, -0.000, 0.000, -0.000, 0.000, 0.000, 0.000, -0.000, 0.000, -0.000, 0.000, -0.000, 0.000, -0.000
8.670, 0.000, 0.000, 0.000, 0.000, 0.000, 0.000, 0.000, 0.000, -0.000, 0.000, 0.000, 0.000, -0.000, 0.000, -0.000
8.680, 0.000, 0.000, 0.000, 0.000, 0.000, 0.000, 0.000, 0.000, 0.000, 0.000, 0.000, 0.000, -0.000, 0.000, -0.000
8.690, 0.000, 0.000, 0.000, 0.000, 0.000, 0.000, 0.000, 0.000, 0.000, 0.000, 0.000, 0.000, -0.000, 0.000, -0.000
8.700, 0.000, 0.000, 0.000, 0.000, 0.000, -0.000, 0.000, 0.000, 0.000, 0.000, 0.000, 0.000, 0.000, 0.000, -0.000
8.710, 0.000, 0.000, 0.000, 0.000, 0.000, -0.000, 0.000, 0.000, 0.000, 0.000, 0.000, -0.000, 0.000, 0.000, -0.000
8.720, 0.000, 0.000, 0.000, 0.000, 0.000, 0.000, 0.000, 0.000, 0.000, 0.000, 0.000, -0.000, 0.000, 0.000, -0.000
8.730, 0.000, 0.000, 0.000, 0.000, 0.000, 0.000, 0.000, 0.000, 0.000, 0.000, 0.000, 0.000, 0.000, 0.000, -0.000
8.740, 0.000, 0.000, 0.000, 0.000, 0.000, 0.000, 0.000, 0.000, 0.000, 0.000, 0.000, -0.000, 0.000, 0.000, -0.000
8.750, 0.000, 0.000, 0.000, 0.000, 0.000, 0.000, 0.000, 0.000, 0.000, 0.000, 0.000, 0.000, 0.000, 0.000, -0.000
8.760, 0.000, 0.000, 0.000, 0.000, 0.000, 0.000, 0.000, 0.000, 0.000, 0.000, 0.000, -0.000, 0.000, 0.000, -0.000
8.770, 0.000, 0.000, 0.000, 0.000, 0.000, 0.000, -0.000, 0.000, 0.000, -0.000, 0.000, 0.000, 0.000, 0.000, -0.000
8.780, -0.000, 0.000, 0.000, -0.000, 0.000, 0.000, -0.000, 0.000, 0.000, -0.000, 0.000, 0.000, 0.000, 0.000, -0.000
8.790, -0.000, 0.000, 0.000, -0.000, 0.000, 0.000, -0.000, 0.000, 0.000, -0.000, 0.000, 0.000, 0.000, 0.000, -0.000
8.800, -0.000, 0.000, 0.000, -0.000, 0.000, 0.000, -0.000, 0.000, 0.000, -0.000, 0.000, 0.000, 0.000, 0.000, -0.000
8.810, 0.000, 0.000, 0.000, 0.000, 0.000, 0.000, 0.000, 0.000, 0.000, 0.000, 0.000, 0.000, -0.000, 0.000, -0.000
8.820, 0.000, 0.000, 0.000, 0.000, 0.000, 0.000, 0.000, 0.000, 0.000, 0.000, 0.000, 0.000, 0.000, 0.000, -0.000
8.830, 0.000, 0.000, 0.000, 0.000, 0.000, 0.000, 0.000, 0.000, 0.000, 0.000, 0.000, 0.000, 0.000, 0.000, -0.000
8.840, 0.000, 0.000, 0.000, 0.000, 0.000, 0.000, 0.000, 0.000, 0.000, 0.000, 0.000, 0.000, 0.000, 0.000, -0.000
8.850, 0.000, 0.000, 0.000, 0.000, 0.000, 0.000, 0.000, 0.000, -0.000, 0.000, 0.000, 0.000, 0.000, 0.000, -0.000
8.860, 0.000, 0.000, 0.000, 0.000, 0.000, -0.000, 0.000, 0.000, 0.000, 0.000, 0.000, -0.000, 0.000, 0.000, -0.000
8.870, -0.000, 0.000, 0.000, -0.000, 0.000, 0.000, -0.000, 0.000, 0.000, -0.000, 0.000, 0.000, 0.000, 0.000, -0.000
8.880, 0.000, 0.000, 0.000, 0.000, 0.000, 0.000, 0.000, 0.000, -0.000, 0.000, 0.000, 0.000, -0.000, 0.000, -0.000
8.890, 0.000, 0.000, 0.000, 0.000, 0.000, 0.000, 0.000, 0.000, -0.000, 0.000, -0.000, 0.000, -0.000, 0.000, -0.000
8.900, 0.000, 0.000, 0.000, 0.000, 0.000, 0.000, 0.000, 0.000, -0.000, 0.000, 0.000, 0.000, -0.000, 0.000, -0.000
8.910, 0.000, 0.000, 0.000, 0.000, 0.000, 0.000, 0.000, 0.000, 0.000, 0.000, 0.000, 0.000, -0.000, 0.000, -0.000
8.920, 0.000, 0.000, 0.000, 0.000, 0.000, 0.000, 0.000, 0.000, 0.000, 0.000, 0.000, 0.000, 0.000, 0.000, -0.000
8.930, 0.000, 0.000, 0.000, 0.000, 0.000, 0.000, 0.000, 0.000, 0.000, 0.000, 0.000, 0.000, 0.000, 0.000, -0.000
8.940, 0.000, 0.000, 0.000, 0.000, 0.000, 0.000, 0.000, 0.000, 0.000, 0.000, 0.000, 0.000, 0.000, 0.000, -0.000
8.950, 0.000, 0.000, 0.000, 0.000, 0.000, 0.000, 0.000, 0.000, 0.000, 0.000, 0.000, -0.000, 0.000, 0.000, -0.000
8.960, 0.000, 0.000, 0.000, 0.000, 0.000, -0.000, -0.000, 0.000, 0.000, -0.000, 0.000, -0.000, 0.000, 0.000, -0.000
8.970, 0.000, 0.000, 0.000, 0.000, 0.000, 0.000, -0.000, 0.000, 0.000, -0.000, 0.000, 0.000, 0.000, 0.000, -0.000
8.980, 0.000, 0.000, 0.000, 0.000, 0.000, 0.000, 0.000, 0.000, 0.000, 0.000, 0.000, 0.000, -0.000, 0.000, -0.000
8.990, 0.000, 0.000, 0.000, 0.000, 0.000, 0.000, 0.000, 0.000, -0.000, 0.000, 0.000, 0.000, -0.000, 0.000, -0.000
9.000, 0.000, 0.000, 0.000, 0.000, 0.000, 0.000, 0.000, 0.000, -0.000, 0.000, 0.000, 0.000, -0.000, 0.000, -0.000
