Time (s),JointVel_1_R1,JointVel_2_R1,JointVel_3_R1,JointVel_1_R2,JointVel_2_R2,JointVel_3_R2,JointVel_1_L1,JointVel_2_L1,JointVel_3_L1,JointVel_1_L2,JointVel_2_L2,JointVel_3_L2,Body Vel X R1,Body Vel Y R1,Body Vel Z R1,Body Vel X R2,Body Vel Y R2,Body Vel Z R2,Body Vel X L1,Body Vel Y L1,Body Vel Z L1,Body Vel X L2,Body Vel Y L2,Body Vel Z L2,
1.000, -0.221, -0.094, 0.098, -0.130, -0.154, 0.054, -0.045, 0.019, -0.044, -0.100, 0.130, -0.025, 0.041, 0.014, 0.043, 0.041, -0.010, -0.001, 0.022, 0.014, 0.017, 0.022, -0.010, -0.026
1.010, -0.625, -0.238, 0.265, -0.383, -0.416, 0.140, -0.139, 0.026, -0.107, -0.272, 0.342, -0.050, 0.088, 0.029, 0.086, 0.088, -0.024, -0.005, 0.047, 0.029, 0.042, 0.047, -0.024, -0.050
1.020, -0.868, -0.209, 0.311, -0.611, -0.491, 0.132, -0.239, -0.087, -0.083, -0.339, 0.375, 0.014, 0.122, 0.038, 0.107, 0.122, -0.038, -0.016, 0.063, 0.037, 0.067, 0.064, -0.038, -0.056
1.030, -1.006, -0.128, 0.310, -0.781, -0.498, 0.099, -0.312, -0.208, -0.039, -0.350, 0.349, 0.095, 0.143, 0.043, 0.117, 0.144, -0.049, -0.025, 0.073, 0.042, 0.085, 0.074, -0.049, -0.057
1.040, -1.083, -0.071, 0.307, -0.881, -0.510, 0.082, -0.342, -0.273, -0.015, -0.345, 0.338, 0.150, 0.155, 0.046, 0.121, 0.157, -0.056, -0.028, 0.076, 0.045, 0.092, 0.079, -0.057, -0.056
1.050, -1.110, -0.035, 0.303, -0.924, -0.524, 0.077, -0.340, -0.295, -0.007, -0.327, 0.337, 0.185, 0.159, 0.047, 0.120, 0.162, -0.061, -0.027, 0.076, 0.046, 0.093, 0.079, -0.062, -0.055
1.060, -1.095, -0.003, 0.290, -0.929, -0.525, 0.072, -0.321, -0.297, -0.002, -0.298, 0.331, 0.209, 0.157, 0.046, 0.116, 0.160, -0.064, -0.025, 0.073, 0.044, 0.090, 0.076, -0.065, -0.052
1.070, -1.049, 0.024, 0.268, -0.905, -0.513, 0.064, -0.290, -0.287, 0.001, -0.263, 0.318, 0.225, 0.150, 0.043, 0.108, 0.155, -0.065, -0.023, 0.067, 0.042, 0.083, 0.071, -0.067, -0.048
1.080, -0.980, 0.045, 0.241, -0.859, -0.491, 0.054, -0.253, -0.267, 0.003, -0.225, 0.303, 0.232, 0.141, 0.039, 0.099, 0.145, -0.065, -0.020, 0.061, 0.038, 0.075, 0.065, -0.066, -0.044
1.090, -0.899, 0.059, 0.210, -0.798, -0.463, 0.044, -0.213, -0.240, 0.004, -0.188, 0.286, 0.232, 0.129, 0.035, 0.088, 0.134, -0.064, -0.017, 0.054, 0.034, 0.066, 0.058, -0.065, -0.040
1.100, -0.809, 0.067, 0.178, -0.727, -0.431, 0.033, -0.173, -0.208, 0.004, -0.154, 0.268, 0.227, 0.117, 0.030, 0.078, 0.121, -0.061, -0.014, 0.047, 0.029, 0.056, 0.051, -0.063, -0.036
1.110, -0.718, 0.069, 0.146, -0.650, -0.395, 0.021, -0.135, -0.175, 0.005, -0.124, 0.250, 0.217, 0.103, 0.025, 0.067, 0.108, -0.058, -0.012, 0.040, 0.023, 0.047, 0.044, -0.060, -0.032
1.120, -0.627, 0.067, 0.115, -0.572, -0.358, 0.009, -0.100, -0.143, 0.007, -0.098, 0.230, 0.204, 0.090, 0.020, 0.057, 0.094, -0.055, -0.009, 0.033, 0.018, 0.038, 0.037, -0.056, -0.028
1.130, -0.540, 0.061, 0.085, -0.494, -0.320, -0.004, -0.070, -0.111, 0.010, -0.076, 0.211, 0.189, 0.077, 0.014, 0.048, 0.081, -0.051, -0.007, 0.027, 0.013, 0.030, 0.031, -0.053, -0.025
1.140, -0.458, 0.052, 0.058, -0.420, -0.283, -0.015, -0.045, -0.082, 0.014, -0.058, 0.193, 0.174, 0.065, 0.009, 0.040, 0.068, -0.047, -0.005, 0.022, 0.008, 0.023, 0.025, -0.049, -0.022
1.150, -0.383, 0.041, 0.033, -0.350, -0.247, -0.026, -0.024, -0.056, 0.019, -0.044, 0.175, 0.158, 0.054, 0.004, 0.033, 0.056, -0.044, -0.004, 0.017, 0.003, 0.017, 0.020, -0.045, -0.020
1.160, -0.316, 0.028, 0.012, -0.285, -0.213, -0.037, -0.008, -0.033, 0.025, -0.034, 0.158, 0.143, 0.043, -0.000, 0.026, 0.045, -0.040, -0.002, 0.013, -0.002, 0.011, 0.015, -0.041, -0.017
1.170, -0.255, 0.014, -0.007, -0.226, -0.182, -0.046, 0.005, -0.012, 0.031, -0.026, 0.142, 0.128, 0.034, -0.005, 0.021, 0.036, -0.037, -0.001, 0.010, -0.006, 0.007, 0.011, -0.038, -0.015
1.180, -0.203, -0.000, -0.023, -0.174, -0.154, -0.054, 0.013, 0.005, 0.038, -0.021, 0.127, 0.115, 0.025, -0.009, 0.017, 0.027, -0.034, -0.000, 0.007, -0.009, 0.004, 0.008, -0.034, -0.014
1.190, -0.157, -0.014, -0.036, -0.128, -0.129, -0.061, 0.019, 0.020, 0.046, -0.018, 0.113, 0.103, 0.018, -0.012, 0.014, 0.019, -0.031, 0.001, 0.004, -0.013, 0.001, 0.005, -0.031, -0.012
1.200, -0.118, -0.027, -0.046, -0.088, -0.106, -0.066, 0.023, 0.032, 0.053, -0.016, 0.101, 0.093, 0.012, -0.015, 0.011, 0.013, -0.028, 0.001, 0.002, -0.016, -0.001, 0.003, -0.029, -0.011
1.210, -0.086, -0.040, -0.055, -0.054, -0.087, -0.071, 0.024, 0.041, 0.060, -0.016, 0.090, 0.084, 0.007, -0.018, 0.009, 0.007, -0.026, 0.002, 0.001, -0.018, -0.003, 0.001, -0.026, -0.010
1.220, -0.059, -0.051, -0.061, -0.026, -0.071, -0.075, 0.024, 0.049, 0.066, -0.016, 0.081, 0.076, 0.002, -0.020, 0.007, 0.003, -0.024, 0.002, -0.000, -0.020, -0.004, 0.000, -0.024, -0.009
1.230, -0.037, -0.060, -0.066, -0.003, -0.057, -0.077, 0.023, 0.055, 0.073, -0.017, 0.072, 0.070, -0.001, -0.022, 0.006, -0.001, -0.022, 0.003, -0.001, -0.022, -0.005, -0.001, -0.022, -0.008
1.240, -0.020, -0.069, -0.069, 0.016, -0.046, -0.079, 0.022, 0.059, 0.078, -0.018, 0.065, 0.065, -0.004, -0.023, 0.005, -0.004, -0.021, 0.003, -0.002, -0.023, -0.005, -0.002, -0.021, -0.007
1.250, -0.007, -0.076, -0.072, 0.030, -0.037, -0.080, 0.020, 0.062, 0.082, -0.020, 0.059, 0.061, -0.006, -0.024, 0.005, -0.006, -0.020, 0.003, -0.002, -0.024, -0.005, -0.002, -0.020, -0.007
1.260, 0.003, -0.081, -0.073, 0.041, -0.029, -0.081, 0.017, 0.064, 0.086, -0.021, 0.053, 0.059, -0.008, -0.025, 0.004, -0.008, -0.019, 0.004, -0.002, -0.025, -0.005, -0.002, -0.019, -0.006
1.270, 0.010, -0.085, -0.074, 0.048, -0.024, -0.081, 0.015, 0.065, 0.089, -0.023, 0.049, 0.056, -0.009, -0.026, 0.004, -0.009, -0.018, 0.004, -0.002, -0.026, -0.005, -0.003, -0.018, -0.006
1.280, 0.014, -0.088, -0.074, 0.053, -0.020, -0.081, 0.013, 0.065, 0.091, -0.024, 0.046, 0.055, -0.009, -0.026, 0.004, -0.009, -0.017, 0.004, -0.002, -0.026, -0.005, -0.003, -0.017, -0.005
1.290, 0.017, -0.089, -0.073, 0.056, -0.018, -0.080, 0.011, 0.064, 0.092, -0.025, 0.043, 0.054, -0.010, -0.026, 0.004, -0.010, -0.017, 0.004, -0.002, -0.026, -0.005, -0.002, -0.017, -0.005
1.300, 0.019, -0.090, -0.073, 0.058, -0.016, -0.078, 0.008, 0.063, 0.093, -0.026, 0.038, 0.054, -0.010, -0.026, 0.004, -0.010, -0.016, 0.004, -0.002, -0.026, -0.005, -0.002, -0.016, -0.005
1.310, 0.020, -0.090, -0.071, 0.058, -0.012, -0.075, 0.003, 0.063, 0.091, -0.029, 0.034, 0.051, -0.009, -0.026, 0.004, -0.010, -0.015, 0.004, -0.001, -0.025, -0.004, -0.001, -0.015, -0.005
1.320, 0.019, -0.088, -0.069, 0.056, -0.011, -0.071, -0.001, 0.064, 0.088, -0.032, 0.032, 0.049, -0.009, -0.025, 0.004, -0.009, -0.015, 0.003, -0.001, -0.025, -0.004, -0.001, -0.014, -0.005
1.330, 0.017, -0.086, -0.068, 0.054, -0.012, -0.070, -0.001, 0.062, 0.087, -0.031, 0.032, 0.049, -0.009, -0.024, 0.004, -0.009, -0.014, 0.003, -0.000, -0.024, -0.004, -0.001, -0.014, -0.005
1.340, 0.017, -0.083, -0.066, 0.052, -0.011, -0.067, -0.002, 0.058, 0.085, -0.030, 0.027, 0.049, -0.008, -0.024, 0.004, -0.008, -0.014, 0.003, -0.000, -0.024, -0.003, -0.000, -0.014, -0.004
1.350, 0.016, -0.080, -0.063, 0.050, -0.012, -0.064, -0.003, 0.056, 0.083, -0.029, 0.025, 0.049, -0.008, -0.023, 0.004, -0.008, -0.013, 0.003, -0.000, -0.023, -0.003, -0.000, -0.013, -0.004
1.360, 0.014, -0.077, -0.061, 0.047, -0.013, -0.060, -0.004, 0.054, 0.080, -0.029, 0.023, 0.048, -0.007, -0.022, 0.004, -0.007, -0.013, 0.003, 0.000, -0.022, -0.003, -0.000, -0.013, -0.004
1.370, 0.009, -0.073, -0.059, 0.041, -0.016, -0.059, -0.002, 0.051, 0.076, -0.027, 0.026, 0.048, -0.006, -0.021, 0.004, -0.006, -0.013, 0.003, 0.000, -0.021, -0.003, -0.000, -0.013, -0.004
1.380, 0.006, -0.068, -0.057, 0.037, -0.017, -0.057, -0.001, 0.049, 0.073, -0.025, 0.026, 0.048, -0.005, -0.020, 0.004, -0.006, -0.013, 0.003, 0.000, -0.020, -0.003, 0.000, -0.013, -0.004
1.390, 0.004, -0.064, -0.055, 0.033, -0.018, -0.055, -0.000, 0.045, 0.070, -0.023, 0.025, 0.048, -0.005, -0.019, 0.004, -0.005, -0.013, 0.003, 0.000, -0.019, -0.003, 0.000, -0.013, -0.004
1.400, 0.003, -0.060, -0.052, 0.030, -0.017, -0.052, -0.002, 0.044, 0.066, -0.024, 0.023, 0.045, -0.004, -0.018, 0.004, -0.004, -0.012, 0.002, 0.001, -0.018, -0.002, 0.000, -0.012, -0.004
1.410, -0.002, -0.055, -0.049, 0.024, -0.020, -0.050, 0.001, 0.040, 0.062, -0.021, 0.026, 0.044, -0.003, -0.017, 0.004, -0.003, -0.012, 0.002, 0.000, -0.017, -0.002, 0.000, -0.012, -0.004
1.420, -0.004, -0.050, -0.047, 0.019, -0.021, -0.048, 0.003, 0.037, 0.058, -0.018, 0.026, 0.044, -0.003, -0.016, 0.003, -0.003, -0.012, 0.002, 0.000, -0.016, -0.002, 0.000, -0.012, -0.004
1.430, -0.005, -0.046, -0.045, 0.017, -0.021, -0.045, 0.003, 0.035, 0.055, -0.016, 0.024, 0.044, -0.002, -0.015, 0.003, -0.003, -0.012, 0.002, 0.000, -0.015, -0.002, 0.000, -0.012, -0.003
1.440, -0.006, -0.042, -0.042, 0.015, -0.022, -0.042, 0.004, 0.031, 0.052, -0.014, 0.023, 0.042, -0.002, -0.014, 0.003, -0.002, -0.011, 0.002, 0.000, -0.014, -0.002, 0.000, -0.011, -0.003
1.450, -0.007, -0.039, -0.039, 0.012, -0.021, -0.040, 0.004, 0.031, 0.047, -0.014, 0.024, 0.039, -0.002, -0.013, 0.003, -0.002, -0.011, 0.002, 0.000, -0.013, -0.002, 0.000, -0.011, -0.003
1.460, -0.009, -0.035, -0.035, 0.008, -0.021, -0.037, 0.005, 0.026, 0.043, -0.011, 0.023, 0.037, -0.001, -0.012, 0.003, -0.001, -0.010, 0.002, 0.000, -0.012, -0.002, 0.000, -0.010, -0.003
1.470, -0.009, -0.031, -0.033, 0.007, -0.020, -0.034, 0.005, 0.024, 0.040, -0.010, 0.022, 0.035, -0.001, -0.010, 0.002, -0.001, -0.009, 0.001, 0.000, -0.010, -0.002, 0.000, -0.009, -0.003
1.480, -0.009, -0.028, -0.030, 0.006, -0.019, -0.031, 0.005, 0.022, 0.035, -0.009, 0.020, 0.031, -0.001, -0.009, 0.002, -0.001, -0.008, 0.001, 0.000, -0.009, -0.002, 0.000, -0.008, -0.003
1.490, -0.009, -0.023, -0.025, 0.003, -0.017, -0.027, 0.005, 0.018, 0.030, -0.007, 0.018, 0.028, -0.001, -0.008, 0.002, -0.001, -0.007, 0.001, 0.000, -0.008, -0.001, 0.000, -0.007, -0.002
1.500, 0.205, 0.074, -0.134, 0.136, 0.133, -0.094, 0.055, -0.012, 0.054, 0.086, -0.103, 0.027, -0.037, -0.018, -0.044, -0.039, 0.004, -0.003, -0.022, -0.017, -0.020, -0.024, 0.005, 0.021
1.510, 0.595, 0.222, -0.322, 0.394, 0.382, -0.205, 0.159, -0.038, 0.090, 0.250, -0.301, 0.019, -0.081, -0.029, -0.090, -0.085, 0.018, -0.002, -0.047, -0.028, -0.046, -0.051, 0.020, 0.043
1.520, 0.830, 0.206, -0.376, 0.623, 0.452, -0.207, 0.265, 0.052, 0.057, 0.322, -0.340, -0.046, -0.112, -0.035, -0.113, -0.118, 0.031, 0.008, -0.063, -0.033, -0.070, -0.069, 0.033, 0.051
1.530, 0.965, 0.139, -0.370, 0.790, 0.456, -0.172, 0.338, 0.156, 0.015, 0.347, -0.324, -0.114, -0.132, -0.039, -0.122, -0.139, 0.041, 0.018, -0.073, -0.037, -0.086, -0.079, 0.043, 0.054
1.540, 1.039, 0.093, -0.353, 0.882, 0.465, -0.144, 0.367, 0.213, -0.002, 0.353, -0.318, -0.155, -0.144, -0.041, -0.125, -0.150, 0.048, 0.023, -0.077, -0.039, -0.092, -0.083, 0.050, 0.056
1.550, 1.067, 0.062, -0.331, 0.917, 0.475, -0.122, 0.363, 0.236, -0.003, 0.345, -0.319, -0.176, -0.148, -0.041, -0.122, -0.153, 0.053, 0.026, -0.077, -0.039, -0.092, -0.083, 0.055, 0.056
1.560, 1.055, 0.036, -0.300, 0.913, 0.473, -0.099, 0.341, 0.244, 0.000, 0.324, -0.313, -0.187, -0.147, -0.040, -0.116, -0.151, 0.055, 0.027, -0.074, -0.039, -0.088, -0.079, 0.057, 0.055
1.570, 1.014, 0.011, -0.263, 0.881, 0.460, -0.075, 0.309, 0.243, 0.003, 0.294, -0.300, -0.192, -0.141, -0.038, -0.107, -0.145, 0.056, 0.026, -0.069, -0.037, -0.082, -0.073, 0.058, 0.052
1.580, 0.953, -0.009, -0.225, 0.829, 0.440, -0.051, 0.270, 0.235, 0.005, 0.259, -0.284, -0.192, -0.133, -0.035, -0.097, -0.136, 0.056, 0.025, -0.063, -0.034, -0.074, -0.066, 0.058, 0.048
1.590, 0.878, -0.023, -0.188, 0.764, 0.416, -0.030, 0.228, 0.220, 0.006, 0.223, -0.266, -0.189, -0.123, -0.032, -0.086, -0.125, 0.055, 0.023, -0.056, -0.031, -0.066, -0.058, 0.056, 0.043
1.600, 0.797, -0.032, -0.153, 0.691, 0.389, -0.012, 0.187, 0.200, 0.005, 0.187, -0.248, -0.182, -0.111, -0.028, -0.076, -0.113, 0.054, 0.020, -0.049, -0.027, -0.057, -0.050, 0.055, 0.039
1.610, 0.712, -0.037, -0.121, 0.614, 0.359, 0.004, 0.148, 0.178, 0.003, 0.153, -0.230, -0.175, -0.099, -0.023, -0.066, -0.100, 0.052, 0.017, -0.041, -0.023, -0.049, -0.043, 0.052, 0.034
1.620, 0.629, -0.038, -0.093, 0.538, 0.329, 0.018, 0.112, 0.156, -0.001, 0.122, -0.212, -0.166, -0.087, -0.019, -0.056, -0.088, 0.049, 0.014, -0.034, -0.019, -0.041, -0.035, 0.050, 0.030
1.630, 0.547, -0.035, -0.067, 0.464, 0.299, 0.030, 0.080, 0.132, -0.006, 0.095, -0.195, -0.156, -0.075, -0.015, -0.048, -0.076, 0.047, 0.011, -0.028, -0.014, -0.033, -0.029, 0.047, 0.026
1.640, 0.471, -0.031, -0.045, 0.394, 0.270, 0.040, 0.053, 0.110, -0.012, 0.072, -0.179, -0.146, -0.064, -0.010, -0.040, -0.064, 0.044, 0.009, -0.022, -0.010, -0.027, -0.023, 0.044, 0.022
1.650, 0.400, -0.024, -0.026, 0.330, 0.241, 0.048, 0.030, 0.088, -0.018, 0.052, -0.163, -0.137, -0.054, -0.006, -0.034, -0.054, 0.041, 0.006, -0.017, -0.006, -0.021, -0.017, 0.042, 0.019
1.660, 0.335, -0.016, -0.010, 0.271, 0.215, 0.054, 0.012, 0.068, -0.025, 0.036, -0.149, -0.128, -0.044, -0.002, -0.028, -0.044, 0.039, 0.004, -0.013, -0.002, -0.016, -0.013, 0.039, 0.016
1.670, 0.277, -0.007, 0.005, 0.218, 0.190, 0.060, -0.003, 0.049, -0.033, 0.024, -0.136, -0.119, -0.036, 0.002, -0.023, -0.036, 0.036, 0.002, -0.009, 0.002, -0.011, -0.009, 0.037, 0.014
1.680, 0.226, 0.002, 0.017, 0.172, 0.166, 0.065, -0.014, 0.032, -0.039, 0.015, -0.124, -0.110, -0.028, 0.005, -0.019, -0.028, 0.034, 0.000, -0.006, 0.005, -0.008, -0.006, 0.034, 0.012
1.690, 0.181, 0.012, 0.027, 0.131, 0.145, 0.068, -0.022, 0.017, -0.046, 0.008, -0.114, -0.103, -0.022, 0.008, -0.015, -0.022, 0.032, -0.001, -0.003, 0.008, -0.005, -0.003, 0.032, 0.010
1.700, 0.142, 0.020, 0.036, 0.096, 0.126, 0.071, -0.028, 0.003, -0.052, 0.004, -0.104, -0.096, -0.016, 0.011, -0.013, -0.016, 0.030, -0.002, -0.001, 0.011, -0.002, -0.001, 0.030, 0.009
1.710, 0.110, 0.029, 0.043, 0.067, 0.110, 0.074, -0.031, -0.009, -0.058, 0.002, -0.095, -0.090, -0.011, 0.013, -0.010, -0.011, 0.028, -0.003, 0.000, 0.013, 0.000, 0.000, 0.028, 0.007
1.720, 0.082, 0.036, 0.050, 0.042, 0.095, 0.076, -0.032, -0.019, -0.063, 0.001, -0.087, -0.084, -0.007, 0.015, -0.008, -0.007, 0.027, -0.003, 0.001, 0.015, 0.002, 0.001, 0.027, 0.007
1.730, 0.059, 0.043, 0.055, 0.021, 0.082, 0.077, -0.033, -0.027, -0.068, 0.001, -0.080, -0.080, -0.004, 0.017, -0.007, -0.004, 0.025, -0.004, 0.002, 0.017, 0.003, 0.002, 0.025, 0.006
1.740, 0.040, 0.049, 0.059, 0.005, 0.071, 0.078, -0.032, -0.035, -0.071, 0.002, -0.074, -0.076, -0.002, 0.019, -0.006, -0.002, 0.024, -0.004, 0.002, 0.019, 0.004, 0.002, 0.024, 0.006
1.750, 0.025, 0.053, 0.062, -0.009, 0.061, 0.078, -0.030, -0.040, -0.075, 0.004, -0.069, -0.072, 0.001, 0.020, -0.005, 0.001, 0.023, -0.004, 0.003, 0.020, 0.005, 0.003, 0.023, 0.005
1.760, 0.013, 0.057, 0.065, -0.019, 0.053, 0.078, -0.028, -0.045, -0.077, 0.006, -0.064, -0.069, 0.002, 0.021, -0.004, 0.002, 0.022, -0.005, 0.003, 0.021, 0.005, 0.003, 0.022, 0.005
1.770, 0.004, 0.060, 0.067, -0.027, 0.047, 0.078, -0.026, -0.049, -0.079, 0.008, -0.059, -0.067, 0.003, 0.022, -0.004, 0.003, 0.021, -0.005, 0.003, 0.022, 0.005, 0.003, 0.021, 0.005
1.780, -0.002, 0.063, 0.069, -0.032, 0.041, 0.078, -0.023, -0.052, -0.080, 0.010, -0.056, -0.065, 0.004, 0.022, -0.003, 0.004, 0.020, -0.005, 0.003, 0.022, 0.006, 0.003, 0.020, 0.005
1.790, -0.006, 0.063, 0.069, -0.035, 0.038, 0.077, -0.021, -0.051, -0.080, 0.011, -0.052, -0.063, 0.004, 0.022, -0.003, 0.004, 0.020, -0.004, 0.003, 0.022, 0.005, 0.003, 0.020, 0.004
1.800, -0.005, 0.060, 0.066, -0.032, 0.036, 0.075, -0.020, -0.047, -0.078, 0.010, -0.050, -0.062, 0.004, 0.021, -0.003, 0.004, 0.019, -0.004, 0.003, 0.021, 0.005, 0.003, 0.019, 0.004
1.810, -0.007, 0.058, 0.066, -0.033, 0.032, 0.073, -0.018, -0.049, -0.075, 0.012, -0.048, -0.059, 0.004, 0.021, -0.003, 0.004, 0.018, -0.004, 0.002, 0.021, 0.005, 0.002, 0.018, 0.004
1.820, -0.007, 0.056, 0.064, -0.032, 0.029, 0.070, -0.016, -0.049, -0.072, 0.013, -0.045, -0.056, 0.004, 0.020, -0.003, 0.004, 0.017, -0.004, 0.002, 0.020, 0.005, 0.002, 0.017, 0.004
1.830, -0.008, 0.056, 0.063, -0.031, 0.027, 0.067, -0.013, -0.048, -0.071, 0.015, -0.043, -0.054, 0.004, 0.020, -0.003, 0.004, 0.017, -0.003, 0.001, 0.020, 0.005, 0.001, 0.017, 0.004
1.840, -0.008, 0.053, 0.059, -0.030, 0.024, 0.062, -0.010, -0.045, -0.066, 0.016, -0.038, -0.050, 0.004, 0.018, -0.003, 0.004, 0.015, -0.003, 0.001, 0.018, 0.004, 0.001, 0.015, 0.004
1.850, -0.009, 0.052, 0.057, -0.030, 0.021, 0.059, -0.007, -0.047, -0.063, 0.018, -0.036, -0.046, 0.004, 0.018, -0.003, 0.004, 0.014, -0.003, 0.001, 0.018, 0.004, 0.001, 0.014, 0.004
1.860, -0.008, 0.048, 0.053, -0.028, 0.020, 0.054, -0.005, -0.043, -0.059, 0.018, -0.032, -0.043, 0.003, 0.017, -0.002, 0.003, 0.013, -0.003, 0.000, 0.017, 0.004, 0.000, 0.013, 0.003
1.870, -0.008, 0.044, 0.052, -0.026, 0.018, 0.050, -0.004, -0.043, -0.053, 0.018, -0.030, -0.040, 0.003, 0.016, -0.002, 0.003, 0.012, -0.003, 0.000, 0.016, 0.004, 0.000, 0.012, 0.003
1.880, -0.006, 0.040, 0.047, -0.023, 0.019, 0.045, -0.005, -0.038, -0.049, 0.015, -0.027, -0.038, 0.002, 0.014, -0.002, 0.002, 0.011, -0.002, 0.000, 0.014, 0.003, 0.000, 0.011, 0.003
1.890, -0.003, 0.033, 0.043, -0.018, 0.020, 0.042, -0.008, -0.034, -0.043, 0.011, -0.027, -0.036, 0.002, 0.013, -0.002, 0.002, 0.011, -0.002, 0.000, 0.013, 0.003, 0.000, 0.011, 0.003
1.900, -0.002, 0.031, 0.039, -0.017, 0.019, 0.038, -0.006, -0.031, -0.039, 0.010, -0.024, -0.033, 0.002, 0.011, -0.002, 0.002, 0.009, -0.002, 0.000, 0.011, 0.003, 0.000, 0.009, 0.002
1.910, -0.004, 0.030, 0.034, -0.017, 0.015, 0.033, -0.003, -0.029, -0.036, 0.012, -0.020, -0.029, 0.002, 0.010, -0.002, 0.002, 0.008, -0.002, -0.000, 0.010, 0.002, -0.000, 0.008, 0.002
1.920, -0.004, 0.029, 0.032, -0.017, 0.014, 0.029, -0.002, -0.028, -0.033, 0.012, -0.017, -0.026, 0.002, 0.010, -0.002, 0.002, 0.008, -0.002, -0.000, 0.010, 0.002, -0.000, 0.008, 0.002
1.930, -0.004, 0.026, 0.030, -0.015, 0.013, 0.027, -0.002, -0.026, -0.030, 0.011, -0.016, -0.024, 0.001, 0.009, -0.001, 0.001, 0.007, -0.002, -0.000, 0.009, 0.002, -0.000, 0.007, 0.002
1.940, -0.005, 0.024, 0.028, -0.015, 0.012, 0.024, -0.001, -0.025, -0.027, 0.011, -0.014, -0.022, 0.001, 0.008, -0.001, 0.001, 0.006, -0.002, -0.000, 0.008, 0.002, -0.000, 0.006, 0.001
1.950, -0.004, 0.022, 0.023, -0.013, 0.010, 0.020, 0.000, -0.021, -0.025, 0.010, -0.011, -0.019, 0.001, 0.007, -0.001, 0.001, 0.005, -0.002, -0.000, 0.007, 0.001, -0.000, 0.005, 0.001
1.960, -0.003, 0.021, 0.021, -0.012, 0.009, 0.018, 0.001, -0.019, -0.022, 0.010, -0.010, -0.017, 0.001, 0.007, -0.001, 0.001, 0.005, -0.002, -0.000, 0.007, 0.001, -0.000, 0.005, 0.001
1.970, -0.002, 0.020, 0.018, -0.011, 0.010, 0.016, 0.001, -0.016, -0.021, 0.008, -0.009, -0.016, 0.001, 0.006, -0.002, 0.001, 0.004, -0.002, -0.000, 0.006, 0.001, -0.000, 0.004, 0.001
1.980, -0.002, 0.019, 0.016, -0.010, 0.008, 0.014, 0.001, -0.015, -0.019, 0.008, -0.007, -0.014, 0.001, 0.005, -0.001, 0.001, 0.004, -0.001, -0.000, 0.005, 0.001, -0.000, 0.004, 0.001
1.990, -0.002, 0.016, 0.014, -0.009, 0.007, 0.012, 0.001, -0.013, -0.017, 0.007, -0.006, -0.012, 0.001, 0.005, -0.001, 0.001, 0.003, -0.001, -0.000, 0.005, 0.001, -0.000, 0.003, 0.001
2.000, 0.221, 0.109, -0.086, 0.123, 0.161, -0.045, 0.047, -0.031, 0.029, 0.106, -0.135, 0.013, -0.040, -0.010, -0.044, -0.040, 0.013, -0.001, -0.022, -0.010, -0.017, -0.022, 0.013, 0.026
2.010, 0.630, 0.253, -0.251, 0.377, 0.426, -0.129, 0.138, -0.038, 0.095, 0.279, -0.349, 0.040, -0.088, -0.025, -0.088, -0.088, 0.027, 0.005, -0.048, -0.025, -0.042, -0.047, 0.027, 0.050
2.020, 0.878, 0.226, -0.288, 0.603, 0.505, -0.114, 0.233, 0.078, 0.079, 0.347, -0.384, -0.016, -0.123, -0.034, -0.108, -0.122, 0.041, 0.017, -0.064, -0.035, -0.067, -0.063, 0.041, 0.058
2.030, 1.023, 0.149, -0.274, 0.767, 0.517, -0.070, 0.299, 0.205, 0.046, 0.360, -0.357, -0.087, -0.146, -0.041, -0.116, -0.144, 0.052, 0.026, -0.074, -0.041, -0.084, -0.072, 0.051, 0.058
2.040, 1.109, 0.095, -0.258, 0.861, 0.537, -0.040, 0.322, 0.280, 0.035, 0.356, -0.344, -0.134, -0.159, -0.045, -0.119, -0.157, 0.059, 0.031, -0.078, -0.045, -0.091, -0.076, 0.058, 0.058
2.050, 1.150, 0.059, -0.241, 0.900, 0.558, -0.021, 0.313, 0.316, 0.038, 0.339, -0.340, -0.161, -0.166, -0.047, -0.117, -0.162, 0.064, 0.032, -0.078, -0.048, -0.093, -0.075, 0.063, 0.056
2.060, 1.151, 0.028, -0.218, 0.902, 0.568, -0.003, 0.288, 0.333, 0.043, 0.310, -0.330, -0.180, -0.166, -0.048, -0.112, -0.162, 0.067, 0.031, -0.075, -0.049, -0.091, -0.072, 0.066, 0.053
2.070, 1.121, -0.002, -0.190, 0.877, 0.564, 0.014, 0.254, 0.339, 0.047, 0.272, -0.314, -0.195, -0.162, -0.047, -0.105, -0.158, 0.069, 0.029, -0.071, -0.049, -0.086, -0.066, 0.067, 0.048
2.080, 1.070, -0.027, -0.160, 0.834, 0.551, 0.028, 0.215, 0.333, 0.049, 0.230, -0.295, -0.205, -0.155, -0.046, -0.096, -0.150, 0.069, 0.026, -0.065, -0.047, -0.080, -0.060, 0.067, 0.042
2.090, 1.005, -0.046, -0.132, 0.777, 0.533, 0.040, 0.175, 0.319, 0.051, 0.189, -0.275, -0.211, -0.146, -0.043, -0.087, -0.141, 0.068, 0.022, -0.058, -0.045, -0.073, -0.053, 0.066, 0.037
2.100, 0.930, -0.059, -0.106, 0.712, 0.510, 0.049, 0.136, 0.299, 0.050, 0.149, -0.256, -0.212, -0.135, -0.040, -0.078, -0.130, 0.067, 0.018, -0.051, -0.042, -0.065, -0.046, 0.065, 0.031
2.110, 0.851, -0.068, -0.082, 0.644, 0.483, 0.056, 0.100, 0.275, 0.048, 0.113, -0.237, -0.211, -0.124, -0.036, -0.069, -0.119, 0.065, 0.014, -0.045, -0.038, -0.057, -0.040, 0.063, 0.026
2.120, 0.770, -0.072, -0.061, 0.575, 0.454, 0.061, 0.068, 0.248, 0.044, 0.081, -0.218, -0.207, -0.112, -0.032, -0.061, -0.107, 0.062, 0.010, -0.038, -0.034, -0.050, -0.034, 0.060, 0.021
2.130, 0.690, -0.073, -0.041, 0.507, 0.423, 0.065, 0.040, 0.221, 0.038, 0.053, -0.201, -0.201, -0.100, -0.027, -0.053, -0.096, 0.059, 0.007, -0.032, -0.029, -0.042, -0.028, 0.057, 0.017
2.140, 0.612, -0.071, -0.024, 0.443, 0.391, 0.068, 0.016, 0.193, 0.031, 0.030, -0.185, -0.194, -0.089, -0.023, -0.046, -0.085, 0.056, 0.004, -0.027, -0.025, -0.036, -0.023, 0.054, 0.014
2.150, 0.537, -0.066, -0.010, 0.382, 0.359, 0.070, -0.003, 0.165, 0.024, 0.012, -0.170, -0.185, -0.078, -0.018, -0.039, -0.074, 0.053, 0.001, -0.022, -0.020, -0.030, -0.018, 0.051, 0.011
2.160, 0.468, -0.060, 0.003, 0.325, 0.327, 0.071, -0.018, 0.139, 0.015, -0.002, -0.156, -0.176, -0.068, -0.014, -0.034, -0.064, 0.050, -0.001, -0.017, -0.016, -0.024, -0.014, 0.048, 0.008
2.170, 0.403, -0.052, 0.014, 0.273, 0.296, 0.073, -0.030, 0.114, 0.007, -0.013, -0.143, -0.165, -0.058, -0.010, -0.029, -0.055, 0.047, -0.003, -0.014, -0.011, -0.019, -0.011, 0.045, 0.006
2.180, 0.344, -0.043, 0.024, 0.227, 0.266, 0.073, -0.038, 0.090, -0.002, -0.019, -0.132, -0.155, -0.050, -0.006, -0.024, -0.047, 0.044, -0.005, -0.010, -0.007, -0.015, -0.008, 0.042, 0.005
2.190, 0.290, -0.033, 0.032, 0.185, 0.238, 0.074, -0.043, 0.069, -0.011, -0.024, -0.121, -0.145, -0.042, -0.002, -0.020, -0.040, 0.041, -0.006, -0.008, -0.003, -0.011, -0.006, 0.040, 0.004
2.200, 0.242, -0.024, 0.039, 0.148, 0.212, 0.074, -0.047, 0.050, -0.019, -0.025, -0.112, -0.135, -0.035, 0.001, -0.017, -0.033, 0.038, -0.007, -0.005, 0.000, -0.008, -0.004, 0.037, 0.003
2.210, 0.199, -0.014, 0.045, 0.115, 0.187, 0.075, -0.048, 0.032, -0.026, -0.025, -0.103, -0.125, -0.028, 0.004, -0.014, -0.027, 0.036, -0.007, -0.004, 0.003, -0.005, -0.002, 0.034, 0.002
2.220, 0.161, -0.005, 0.050, 0.087, 0.164, 0.075, -0.048, 0.017, -0.034, -0.024, -0.096, -0.116, -0.023, 0.007, -0.012, -0.021, 0.033, -0.007, -0.002, 0.006, -0.003, -0.001, 0.032, 0.002
2.230, 0.129, 0.003, 0.054, 0.063, 0.143, 0.075, -0.046, 0.004, -0.040, -0.021, -0.089, -0.107, -0.018, 0.010, -0.010, -0.017, 0.031, -0.007, -0.001, 0.009, -0.001, 0.000, 0.030, 0.002
2.240, 0.100, 0.011, 0.058, 0.042, 0.124, 0.075, -0.044, -0.008, -0.046, -0.018, -0.083, -0.099, -0.014, 0.012, -0.008, -0.013, 0.029, -0.007, -0.000, 0.011, 0.001, 0.001, 0.028, 0.002
2.250, 0.075, 0.019, 0.060, 0.024, 0.107, 0.075, -0.041, -0.018, -0.051, -0.014, -0.077, -0.091, -0.010, 0.014, -0.007, -0.010, 0.027, -0.007, 0.001, 0.013, 0.002, 0.001, 0.026, 0.002
2.260, 0.055, 0.025, 0.062, 0.010, 0.092, 0.075, -0.038, -0.026, -0.055, -0.010, -0.072, -0.084, -0.007, 0.015, -0.006, -0.007, 0.025, -0.007, 0.001, 0.015, 0.003, 0.001, 0.025, 0.002
2.270, 0.037, 0.030, 0.064, -0.002, 0.079, 0.075, -0.034, -0.033, -0.059, -0.005, -0.067, -0.078, -0.005, 0.016, -0.005, -0.004, 0.024, -0.007, 0.001, 0.016, 0.004, 0.002, 0.023, 0.002
2.280, 0.023, 0.035, 0.065, -0.012, 0.067, 0.074, -0.031, -0.039, -0.062, -0.002, -0.063, -0.073, -0.002, 0.017, -0.004, -0.002, 0.022, -0.006, 0.002, 0.017, 0.005, 0.002, 0.022, 0.003
2.290, 0.011, 0.039, 0.066, -0.019, 0.057, 0.073, -0.027, -0.043, -0.064, 0.002, -0.060, -0.068, -0.001, 0.018, -0.004, -0.001, 0.021, -0.006, 0.002, 0.018, 0.005, 0.002, 0.021, 0.003
2.300, 0.002, 0.042, 0.066, -0.025, 0.049, 0.073, -0.024, -0.046, -0.065, 0.005, -0.056, -0.064, 0.000, 0.019, -0.003, 0.000, 0.020, -0.006, 0.002, 0.019, 0.005, 0.002, 0.020, 0.003
2.310, -0.005, 0.045, 0.066, -0.030, 0.042, 0.072, -0.021, -0.048, -0.066, 0.008, -0.053, -0.060, 0.001, 0.019, -0.003, 0.001, 0.019, -0.005, 0.002, 0.019, 0.005, 0.002, 0.019, 0.003
2.320, -0.009, 0.046, 0.064, -0.031, 0.037, 0.070, -0.018, -0.048, -0.067, 0.010, -0.050, -0.057, 0.002, 0.019, -0.003, 0.002, 0.018, -0.005, 0.002, 0.019, 0.005, 0.002, 0.018, 0.003
2.330, -0.011, 0.046, 0.062, -0.032, 0.033, 0.068, -0.016, -0.047, -0.066, 0.011, -0.049, -0.053, 0.002, 0.018, -0.003, 0.002, 0.017, -0.005, 0.002, 0.018, 0.005, 0.002, 0.017, 0.003
2.340, -0.012, 0.044, 0.060, -0.032, 0.029, 0.066, -0.015, -0.045, -0.064, 0.011, -0.046, -0.050, 0.002, 0.018, -0.002, 0.002, 0.016, -0.004, 0.002, 0.018, 0.005, 0.001, 0.016, 0.003
2.350, -0.012, 0.044, 0.056, -0.031, 0.027, 0.062, -0.012, -0.042, -0.061, 0.012, -0.043, -0.047, 0.002, 0.017, -0.003, 0.002, 0.015, -0.004, 0.002, 0.017, 0.004, 0.001, 0.015, 0.003
2.360, -0.012, 0.042, 0.052, -0.029, 0.025, 0.057, -0.010, -0.040, -0.057, 0.012, -0.038, -0.044, 0.002, 0.016, -0.002, 0.002, 0.014, -0.004, 0.001, 0.016, 0.004, 0.001, 0.014, 0.003
2.370, -0.013, 0.042, 0.050, -0.029, 0.022, 0.054, -0.008, -0.039, -0.055, 0.013, -0.036, -0.041, 0.003, 0.016, -0.002, 0.002, 0.013, -0.004, 0.001, 0.016, 0.004, 0.001, 0.013, 0.003
2.380, -0.011, 0.036, 0.047, -0.026, 0.021, 0.052, -0.009, -0.035, -0.051, 0.011, -0.035, -0.038, 0.002, 0.014, -0.002, 0.002, 0.013, -0.003, 0.001, 0.014, 0.004, 0.001, 0.013, 0.002
2.390, -0.012, 0.035, 0.045, -0.026, 0.018, 0.048, -0.008, -0.036, -0.048, 0.011, -0.032, -0.036, 0.002, 0.014, -0.002, 0.002, 0.012, -0.003, 0.001, 0.014, 0.004, 0.001, 0.012, 0.002
2.400, -0.014, 0.032, 0.044, -0.025, 0.015, 0.045, -0.007, -0.037, -0.044, 0.013, -0.030, -0.032, 0.002, 0.013, -0.001, 0.002, 0.011, -0.003, 0.001, 0.013, 0.004, 0.001, 0.011, 0.002
2.410, -0.011, 0.028, 0.040, -0.022, 0.014, 0.042, -0.007, -0.032, -0.040, 0.011, -0.028, -0.029, 0.002, 0.011, -0.001, 0.002, 0.010, -0.002, 0.001, 0.011, 0.003, 0.001, 0.010, 0.002
2.420, -0.009, 0.028, 0.036, -0.020, 0.014, 0.039, -0.006, -0.029, -0.037, 0.011, -0.026, -0.027, 0.002, 0.010, -0.001, 0.002, 0.009, -0.002, 0.001, 0.010, 0.003, 0.000, 0.009, 0.002
2.430, -0.007, 0.022, 0.031, -0.016, 0.011, 0.033, -0.005, -0.024, -0.031, 0.009, -0.022, -0.023, 0.001, 0.009, -0.001, 0.001, 0.007, -0.002, 0.000, 0.009, 0.002, 0.000, 0.007, 0.002
2.440, -0.006, 0.019, 0.025, -0.013, 0.009, 0.027, -0.004, -0.020, -0.025, 0.008, -0.019, -0.018, 0.001, 0.007, -0.001, 0.001, 0.006, -0.001, 0.000, 0.007, 0.002, 0.000, 0.006, 0.001
2.450, -0.005, 0.016, 0.021, -0.011, 0.008, 0.022, -0.003, -0.018, -0.020, 0.007, -0.016, -0.014, 0.001, 0.006, -0.001, 0.001, 0.005, -0.001, 0.000, 0.006, 0.002, 0.000, 0.005, 0.001
2.460, -0.004, 0.014, 0.017, -0.010, 0.006, 0.018, -0.002, -0.016, -0.017, 0.007, -0.014, -0.011, 0.001, 0.005, -0.001, 0.001, 0.004, -0.001, 0.000, 0.005, 0.001, 0.000, 0.004, 0.001
2.470, -0.004, 0.012, 0.015, -0.009, 0.005, 0.015, -0.002, -0.014, -0.014, 0.006, -0.011, -0.009, 0.001, 0.004, -0.001, 0.001, 0.003, -0.001, 0.000, 0.004, 0.001, 0.000, 0.003, 0.001
2.480, -0.004, 0.011, 0.012, -0.008, 0.004, 0.012, -0.001, -0.012, -0.012, 0.006, -0.010, -0.007, 0.001, 0.004, -0.001, 0.001, 0.003, -0.001, 0.000, 0.004, 0.001, -0.000, 0.003, 0.001
2.490, -0.004, 0.010, 0.010, -0.007, 0.003, 0.010, -0.001, -0.011, -0.010, 0.005, -0.008, -0.005, 0.001, 0.003, -0.000, 0.001, 0.002, -0.001, -0.000, 0.003, 0.001, -0.000, 0.002, 0.001
2.500, -0.226, -0.081, 0.088, -0.126, -0.149, 0.039, -0.030, -0.003, -0.066, -0.092, 0.127, -0.047, 0.044, 0.020, 0.038, 0.041, -0.008, -0.005, 0.020, 0.021, 0.017, 0.017, -0.007, -0.026
2.510, -0.638, -0.216, 0.222, -0.362, -0.407, 0.082, -0.094, -0.019, -0.159, -0.259, 0.347, -0.105, 0.094, 0.039, 0.077, 0.088, -0.022, -0.013, 0.044, 0.042, 0.040, 0.038, -0.020, -0.050
2.520, -0.898, -0.187, 0.253, -0.578, -0.494, 0.056, -0.176, -0.149, -0.160, -0.320, 0.381, -0.054, 0.130, 0.051, 0.096, 0.123, -0.036, -0.025, 0.060, 0.054, 0.066, 0.053, -0.033, -0.056
2.530, -1.058, -0.106, 0.247, -0.745, -0.517, 0.018, -0.243, -0.286, -0.132, -0.328, 0.351, 0.026, 0.155, 0.059, 0.106, 0.147, -0.046, -0.034, 0.071, 0.062, 0.085, 0.063, -0.043, -0.055
2.540, -1.159, -0.046, 0.245, -0.851, -0.545, 0.002, -0.275, -0.369, -0.116, -0.320, 0.333, 0.086, 0.171, 0.064, 0.112, 0.163, -0.054, -0.036, 0.077, 0.067, 0.095, 0.069, -0.051, -0.053
2.550, -1.210, -0.005, 0.246, -0.907, -0.574, 0.001, -0.281, -0.408, -0.109, -0.303, 0.325, 0.129, 0.178, 0.067, 0.114, 0.171, -0.060, -0.035, 0.078, 0.070, 0.099, 0.071, -0.057, -0.050
2.560, -1.218, 0.030, 0.241, -0.925, -0.592, 0.005, -0.271, -0.423, -0.103, -0.274, 0.315, 0.162, 0.180, 0.067, 0.112, 0.173, -0.063, -0.032, 0.077, 0.070, 0.098, 0.070, -0.060, -0.045
2.570, -1.190, 0.062, 0.231, -0.916, -0.595, 0.010, -0.250, -0.421, -0.097, -0.239, 0.299, 0.189, 0.176, 0.066, 0.107, 0.171, -0.065, -0.028, 0.073, 0.069, 0.094, 0.067, -0.062, -0.040
2.580, -1.136, 0.088, 0.215, -0.885, -0.587, 0.014, -0.222, -0.406, -0.090, -0.200, 0.281, 0.208, 0.169, 0.063, 0.100, 0.165, -0.066, -0.023, 0.068, 0.066, 0.088, 0.063, -0.063, -0.035
2.590, -1.064, 0.107, 0.197, -0.837, -0.570, 0.017, -0.189, -0.380, -0.085, -0.162, 0.263, 0.219, 0.159, 0.060, 0.092, 0.155, -0.065, -0.019, 0.061, 0.061, 0.080, 0.058, -0.063, -0.030
2.600, -0.980, 0.120, 0.176, -0.777, -0.545, 0.018, -0.154, -0.348, -0.079, -0.126, 0.245, 0.223, 0.147, 0.055, 0.083, 0.144, -0.063, -0.014, 0.055, 0.056, 0.071, 0.052, -0.061, -0.026
2.610, -0.889, 0.127, 0.153, -0.710, -0.515, 0.018, -0.120, -0.311, -0.074, -0.093, 0.227, 0.221, 0.134, 0.049, 0.073, 0.132, -0.061, -0.011, 0.048, 0.051, 0.062, 0.046, -0.059, -0.022
2.620, -0.795, 0.129, 0.130, -0.639, -0.480, 0.015, -0.088, -0.273, -0.068, -0.064, 0.209, 0.215, 0.120, 0.044, 0.064, 0.119, -0.058, -0.007, 0.041, 0.045, 0.053, 0.039, -0.057, -0.018
2.630, -0.702, 0.126, 0.106, -0.567, -0.441, 0.012, -0.058, -0.235, -0.061, -0.040, 0.192, 0.206, 0.107, 0.038, 0.054, 0.106, -0.054, -0.004, 0.035, 0.039, 0.044, 0.034, -0.053, -0.015
2.640, -0.613, 0.119, 0.085, -0.496, -0.402, 0.006, -0.029, -0.185, -0.065, -0.021, 0.177, 0.193, 0.093, 0.032, 0.046, 0.092, -0.050, -0.002, 0.029, 0.033, 0.035, 0.028, -0.050, -0.013
2.650, -0.527, 0.111, 0.063, -0.428, -0.359, -0.001, -0.008, -0.152, -0.055, -0.006, 0.159, 0.180, 0.080, 0.026, 0.038, 0.080, -0.047, -0.000, 0.023, 0.027, 0.028, 0.023, -0.046, -0.010
2.660, -0.446, 0.101, 0.042, -0.362, -0.318, -0.008, 0.004, -0.131, -0.036, 0.006, 0.145, 0.164, 0.068, 0.020, 0.031, 0.068, -0.043, 0.001, 0.019, 0.021, 0.022, 0.018, -0.043, -0.008
2.670, -0.373, 0.088, 0.024, -0.302, -0.279, -0.014, 0.017, -0.103, -0.026, 0.014, 0.129, 0.151, 0.057, 0.015, 0.025, 0.057, -0.039, 0.002, 0.014, 0.015, 0.016, 0.014, -0.039, -0.007
2.680, -0.307, 0.073, 0.008, -0.246, -0.243, -0.020, 0.027, -0.076, -0.017, 0.020, 0.113, 0.139, 0.047, 0.010, 0.020, 0.047, -0.036, 0.003, 0.011, 0.010, 0.011, 0.011, -0.036, -0.006
2.690, -0.250, 0.055, -0.004, -0.196, -0.211, -0.026, 0.034, -0.049, -0.009, 0.020, 0.105, 0.123, 0.037, 0.006, 0.016, 0.037, -0.032, 0.004, 0.008, 0.006, 0.007, 0.008, -0.032, -0.005
2.700, -0.199, 0.039, -0.015, -0.151, -0.180, -0.031, 0.038, -0.028, 0.000, 0.020, 0.095, 0.109, 0.029, 0.001, 0.013, 0.029, -0.029, 0.004, 0.005, 0.001, 0.004, 0.005, -0.029, -0.005
2.710, -0.154, 0.025, -0.026, -0.112, -0.150, -0.037, 0.039, -0.011, 0.010, 0.018, 0.086, 0.096, 0.022, -0.003, 0.010, 0.022, -0.027, 0.004, 0.003, -0.002, 0.001, 0.003, -0.027, -0.004
2.720, -0.115, 0.011, -0.034, -0.079, -0.123, -0.043, 0.039, 0.004, 0.019, 0.015, 0.077, 0.085, 0.016, -0.006, 0.007, 0.016, -0.024, 0.004, 0.002, -0.006, -0.001, 0.002, -0.024, -0.004
2.730, -0.081, -0.000, -0.042, -0.054, -0.087, -0.058, 0.038, 0.016, 0.027, 0.013, 0.069, 0.076, 0.010, -0.009, 0.005, 0.010, -0.022, 0.004, 0.000, -0.009, -0.003, 0.000, -0.022, -0.004
2.740, -0.055, -0.015, -0.046, -0.029, -0.071, -0.060, 0.035, 0.028, 0.034, 0.008, 0.063, 0.066, 0.006, -0.011, 0.004, 0.006, -0.020, 0.005, -0.001, -0.011, -0.004, -0.001, -0.020, -0.004
2.750, -0.034, -0.029, -0.048, -0.007, -0.058, -0.060, 0.033, 0.039, 0.039, 0.003, 0.060, 0.058, 0.002, -0.013, 0.004, 0.002, -0.018, 0.005, -0.002, -0.013, -0.005, -0.002, -0.018, -0.003
2.760, -0.016, -0.040, -0.050, 0.010, -0.045, -0.061, 0.029, 0.045, 0.046, -0.000, 0.054, 0.053, -0.001, -0.015, 0.003, -0.001, -0.017, 0.005, -0.002, -0.015, -0.005, -0.002, -0.017, -0.003
2.770, -0.002, -0.048, -0.052, 0.023, -0.033, -0.063, 0.025, 0.049, 0.052, -0.004, 0.048, 0.049, -0.003, -0.017, 0.003, -0.003, -0.016, 0.005, -0.002, -0.017, -0.005, -0.002, -0.016, -0.003
2.780, 0.013, -0.045, -0.062, 0.037, -0.033, -0.055, 0.020, 0.051, 0.058, -0.009, 0.045, 0.044, -0.005, -0.018, 0.003, -0.005, -0.015, 0.005, -0.002, -0.018, -0.005, -0.002, -0.015, -0.003
2.790, 0.021, -0.055, -0.060, 0.046, -0.026, -0.053, 0.015, 0.054, 0.062, -0.014, 0.039, 0.040, -0.007, -0.019, 0.003, -0.007, -0.013, 0.005, -0.002, -0.019, -0.005, -0.002, -0.013, -0.003
2.800, 0.028, -0.059, -0.059, 0.051, -0.018, -0.054, 0.011, 0.057, 0.063, -0.017, 0.035, 0.037, -0.008, -0.019, 0.003, -0.008, -0.012, 0.005, -0.002, -0.019, -0.004, -0.002, -0.012, -0.003
2.810, 0.032, -0.062, -0.059, 0.054, -0.011, -0.054, 0.006, 0.054, 0.066, -0.019, 0.032, 0.035, -0.008, -0.020, 0.003, -0.008, -0.012, 0.004, -0.002, -0.019, -0.004, -0.002, -0.012, -0.003
2.820, 0.033, -0.064, -0.058, 0.055, -0.007, -0.056, 0.004, 0.052, 0.069, -0.021, 0.031, 0.033, -0.009, -0.020, 0.004, -0.009, -0.011, 0.004, -0.002, -0.020, -0.003, -0.002, -0.011, -0.003
2.830, 0.028, -0.076, -0.044, 0.053, -0.008, -0.052, 0.003, 0.048, 0.068, -0.020, 0.029, 0.032, -0.008, -0.019, 0.004, -0.008, -0.011, 0.004, -0.002, -0.019, -0.003, -0.002, -0.011, -0.003
2.840, 0.028, -0.071, -0.045, 0.051, -0.003, -0.054, 0.001, 0.045, 0.069, -0.020, 0.026, 0.032, -0.008, -0.019, 0.003, -0.008, -0.011, 0.003, -0.002, -0.019, -0.003, -0.002, -0.011, -0.003
2.850, 0.029, -0.068, -0.046, 0.049, 0.000, -0.055, -0.002, 0.039, 0.072, -0.020, 0.024, 0.033, -0.008, -0.018, 0.003, -0.008, -0.011, 0.003, -0.002, -0.018, -0.003, -0.002, -0.011, -0.003
2.860, 0.026, -0.063, -0.046, 0.045, -0.001, -0.054, -0.001, 0.040, 0.068, -0.019, 0.026, 0.031, -0.007, -0.017, 0.003, -0.007, -0.011, 0.003, -0.002, -0.017, -0.003, -0.002, -0.011, -0.003
2.870, 0.023, -0.059, -0.045, 0.041, -0.004, -0.052, 0.002, 0.040, 0.062, -0.022, 0.040, 0.020, -0.007, -0.017, 0.003, -0.007, -0.011, 0.002, -0.002, -0.017, -0.003, -0.002, -0.010, -0.003
2.880, 0.021, -0.056, -0.045, 0.039, -0.004, -0.052, 0.002, 0.039, 0.061, -0.022, 0.039, 0.021, -0.006, -0.016, 0.002, -0.006, -0.011, 0.002, -0.002, -0.016, -0.003, -0.002, -0.011, -0.003
2.890, 0.020, -0.052, -0.046, 0.036, -0.004, -0.052, 0.001, 0.036, 0.061, -0.020, 0.036, 0.023, -0.006, -0.016, 0.002, -0.006, -0.011, 0.002, -0.001, -0.016, -0.003, -0.001, -0.011, -0.003
2.900, 0.017, -0.049, -0.046, 0.033, -0.006, -0.050, 0.001, 0.035, 0.059, -0.020, 0.035, 0.024, -0.005, -0.016, 0.002, -0.005, -0.011, 0.002, -0.001, -0.016, -0.003, -0.001, -0.011, -0.003
2.910, 0.015, -0.047, -0.045, 0.030, -0.008, -0.049, 0.001, 0.034, 0.057, -0.019, 0.035, 0.025, -0.004, -0.015, 0.002, -0.004, -0.011, 0.002, -0.001, -0.015, -0.002, -0.001, -0.011, -0.003
2.920, 0.012, -0.044, -0.044, 0.028, -0.010, -0.047, 0.002, 0.032, 0.055, -0.018, 0.034, 0.026, -0.004, -0.015, 0.002, -0.004, -0.011, 0.002, -0.001, -0.015, -0.002, -0.001, -0.011, -0.002
2.930, 0.010, -0.041, -0.043, 0.025, -0.012, -0.046, 0.002, 0.031, 0.053, -0.017, 0.033, 0.027, -0.003, -0.014, 0.002, -0.003, -0.011, 0.002, -0.001, -0.014, -0.002, -0.001, -0.011, -0.002
2.940, 0.008, -0.039, -0.043, 0.023, -0.014, -0.044, 0.002, 0.030, 0.051, -0.017, 0.033, 0.028, -0.003, -0.014, 0.002, -0.003, -0.011, 0.002, -0.000, -0.014, -0.002, -0.000, -0.011, -0.002
2.950, 0.006, -0.036, -0.042, 0.020, -0.015, -0.042, 0.002, 0.029, 0.049, -0.016, 0.032, 0.028, -0.002, -0.013, 0.002, -0.002, -0.010, 0.002, -0.000, -0.013, -0.002, -0.000, -0.010, -0.002
2.960, 0.003, -0.033, -0.041, 0.017, -0.016, -0.042, 0.002, 0.026, 0.048, -0.010, 0.019, 0.039, -0.002, -0.013, 0.002, -0.002, -0.010, 0.002, -0.000, -0.013, -0.002, -0.000, -0.010, -0.002
2.970, 0.001, -0.032, -0.037, 0.015, -0.017, -0.037, 0.002, 0.026, 0.043, -0.011, 0.020, 0.035, -0.001, -0.011, 0.002, -0.001, -0.010, 0.002, 0.000, -0.011, -0.002, 0.000, -0.010, -0.002
2.980, -0.002, -0.030, -0.034, 0.012, -0.020, -0.034, 0.004, 0.024, 0.039, -0.010, 0.022, 0.033, -0.001, -0.010, 0.002, -0.001, -0.009, 0.002, -0.000, -0.010, -0.002, -0.000, -0.009, -0.002
2.990, -0.005, -0.027, -0.030, 0.009, -0.020, -0.032, 0.004, 0.020, 0.036, -0.008, 0.020, 0.032, -0.001, -0.009, 0.002, -0.001, -0.009, 0.002, 0.000, -0.009, -0.001, 0.000, -0.009, -0.002
3.000, -0.223, -0.119, 0.069, -0.119, -0.172, 0.025, -0.043, 0.040, -0.010, -0.109, 0.147, 0.005, 0.040, 0.005, 0.045, 0.040, -0.018, 0.001, 0.022, 0.005, 0.016, 0.022, -0.018, -0.027
3.010, -0.627, -0.261, 0.236, -0.373, -0.432, 0.111, -0.136, 0.046, -0.075, -0.280, 0.360, -0.022, 0.088, 0.020, 0.088, 0.088, -0.032, -0.004, 0.047, 0.020, 0.041, 0.047, -0.032, -0.051
3.020, -0.871, -0.230, 0.283, -0.602, -0.508, 0.105, -0.235, -0.068, -0.053, -0.345, 0.393, 0.041, 0.121, 0.030, 0.109, 0.122, -0.045, -0.015, 0.063, 0.029, 0.066, 0.064, -0.046, -0.058
3.030, -1.010, -0.148, 0.283, -0.773, -0.515, 0.073, -0.308, -0.191, -0.010, -0.356, 0.367, 0.122, 0.143, 0.035, 0.118, 0.144, -0.056, -0.023, 0.073, 0.035, 0.083, 0.074, -0.057, -0.058
3.040, -1.088, -0.089, 0.282, -0.875, -0.528, 0.058, -0.336, -0.252, 0.007, -0.350, 0.356, 0.176, 0.155, 0.038, 0.122, 0.157, -0.064, -0.026, 0.076, 0.038, 0.091, 0.079, -0.064, -0.058
3.050, -1.116, -0.051, 0.278, -0.920, -0.541, 0.053, -0.335, -0.279, 0.018, -0.331, 0.353, 0.211, 0.159, 0.040, 0.122, 0.162, -0.068, -0.026, 0.076, 0.039, 0.092, 0.079, -0.069, -0.056
3.060, -1.102, -0.017, 0.266, -0.926, -0.542, 0.048, -0.316, -0.283, 0.022, -0.302, 0.346, 0.235, 0.157, 0.039, 0.117, 0.161, -0.071, -0.024, 0.073, 0.038, 0.088, 0.076, -0.072, -0.053
3.070, -1.056, 0.011, 0.245, -0.903, -0.530, 0.042, -0.285, -0.273, 0.024, -0.266, 0.333, 0.250, 0.151, 0.037, 0.110, 0.155, -0.072, -0.022, 0.068, 0.036, 0.082, 0.072, -0.073, -0.049
3.080, -0.989, 0.033, 0.219, -0.858, -0.508, 0.034, -0.246, -0.249, 0.020, -0.229, 0.318, 0.256, 0.142, 0.034, 0.100, 0.146, -0.071, -0.019, 0.061, 0.032, 0.074, 0.065, -0.073, -0.045
3.090, -0.907, 0.048, 0.189, -0.797, -0.479, 0.025, -0.208, -0.226, 0.023, -0.191, 0.300, 0.255, 0.130, 0.029, 0.090, 0.134, -0.070, -0.016, 0.054, 0.028, 0.065, 0.059, -0.071, -0.041
3.100, -0.817, 0.057, 0.158, -0.727, -0.445, 0.014, -0.168, -0.197, 0.024, -0.157, 0.280, 0.249, 0.117, 0.025, 0.079, 0.122, -0.067, -0.013, 0.047, 0.023, 0.055, 0.051, -0.069, -0.037
3.110, -0.726, 0.059, 0.128, -0.651, -0.409, 0.004, -0.130, -0.164, 0.023, -0.126, 0.262, 0.238, 0.104, 0.020, 0.068, 0.108, -0.064, -0.011, 0.040, 0.018, 0.046, 0.044, -0.065, -0.033
3.120, -0.635, 0.057, 0.098, -0.573, -0.372, -0.007, -0.094, -0.126, 0.020, -0.101, 0.243, 0.223, 0.090, 0.015, 0.058, 0.094, -0.060, -0.008, 0.033, 0.013, 0.037, 0.037, -0.061, -0.030
3.130, -0.547, 0.052, 0.069, -0.495, -0.331, -0.019, -0.067, -0.101, 0.026, -0.078, 0.222, 0.208, 0.077, 0.010, 0.049, 0.081, -0.056, -0.006, 0.027, 0.008, 0.029, 0.031, -0.057, -0.026
3.140, -0.465, 0.043, 0.043, -0.421, -0.293, -0.030, -0.042, -0.073, 0.029, -0.060, 0.202, 0.191, 0.065, 0.005, 0.041, 0.068, -0.052, -0.005, 0.022, 0.004, 0.022, 0.025, -0.053, -0.023
3.150, -0.389, 0.031, 0.020, -0.350, -0.257, -0.039, -0.021, -0.046, 0.033, -0.047, 0.184, 0.174, 0.054, 0.000, 0.034, 0.056, -0.048, -0.003, 0.017, -0.001, 0.016, 0.020, -0.049, -0.021
3.160, -0.321, 0.019, -0.001, -0.285, -0.223, -0.049, -0.005, -0.023, 0.038, -0.036, 0.167, 0.157, 0.043, -0.004, 0.027, 0.045, -0.044, -0.002, 0.013, -0.005, 0.011, 0.015, -0.045, -0.018
3.170, -0.260, 0.005, -0.018, -0.226, -0.190, -0.057, 0.007, -0.004, 0.044, -0.029, 0.150, 0.141, 0.034, -0.008, 0.022, 0.035, -0.040, -0.001, 0.010, -0.009, 0.006, 0.011, -0.041, -0.016
3.180, -0.207, -0.008, -0.033, -0.174, -0.161, -0.064, 0.016, 0.013, 0.050, -0.023, 0.135, 0.127, 0.025, -0.012, 0.018, 0.027, -0.037, 0.000, 0.007, -0.013, 0.003, 0.008, -0.037, -0.015
3.190, -0.161, -0.022, -0.045, -0.128, -0.135, -0.070, 0.023, 0.031, 0.053, -0.021, 0.121, 0.113, 0.018, -0.015, 0.014, 0.019, -0.033, 0.001, 0.004, -0.016, 0.000, 0.005, -0.034, -0.013
3.200, -0.122, -0.034, -0.055, -0.088, -0.111, -0.075, 0.026, 0.042, 0.060, -0.019, 0.108, 0.102, 0.012, -0.018, 0.011, 0.013, -0.031, 0.002, 0.002, -0.018, -0.002, 0.003, -0.031, -0.012
3.210, -0.088, -0.046, -0.062, -0.054, -0.091, -0.080, 0.026, 0.049, 0.067, -0.018, 0.095, 0.093, 0.007, -0.020, 0.009, 0.007, -0.028, 0.002, 0.001, -0.020, -0.003, 0.001, -0.028, -0.010
3.220, -0.061, -0.057, -0.068, -0.026, -0.073, -0.083, 0.026, 0.056, 0.073, -0.018, 0.085, 0.084, 0.002, -0.022, 0.008, 0.002, -0.026, 0.003, -0.000, -0.022, -0.004, 0.000, -0.026, -0.009
3.230, -0.039, -0.066, -0.071, -0.002, -0.059, -0.084, 0.025, 0.061, 0.079, -0.019, 0.076, 0.077, -0.001, -0.024, 0.007, -0.001, -0.024, 0.003, -0.001, -0.024, -0.005, -0.001, -0.024, -0.008
3.240, -0.022, -0.075, -0.074, 0.016, -0.047, -0.085, 0.021, 0.061, 0.087, -0.020, 0.068, 0.071, -0.004, -0.025, 0.006, -0.004, -0.022, 0.003, -0.002, -0.025, -0.005, -0.002, -0.022, -0.008
3.250, -0.008, -0.082, -0.075, 0.031, -0.039, -0.085, 0.020, 0.064, 0.089, -0.022, 0.062, 0.066, -0.006, -0.026, 0.005, -0.006, -0.021, 0.004, -0.002, -0.026, -0.005, -0.002, -0.021, -0.007
3.260, 0.002, -0.087, -0.075, 0.042, -0.031, -0.085, 0.018, 0.066, 0.092, -0.023, 0.057, 0.062, -0.008, -0.026, 0.005, -0.008, -0.020, 0.004, -0.002, -0.026, -0.005, -0.002, -0.020, -0.007
3.270, 0.009, -0.090, -0.076, 0.050, -0.026, -0.084, 0.015, 0.067, 0.094, -0.024, 0.052, 0.059, -0.009, -0.027, 0.005, -0.009, -0.019, 0.004, -0.002, -0.027, -0.005, -0.003, -0.019, -0.006
3.280, 0.014, -0.092, -0.075, 0.054, -0.021, -0.084, 0.013, 0.067, 0.095, -0.025, 0.048, 0.057, -0.009, -0.027, 0.004, -0.010, -0.018, 0.004, -0.002, -0.027, -0.005, -0.003, -0.018, -0.006
3.290, 0.017, -0.092, -0.074, 0.057, -0.018, -0.082, 0.011, 0.066, 0.095, -0.026, 0.045, 0.055, -0.010, -0.027, 0.004, -0.010, -0.017, 0.004, -0.002, -0.027, -0.005, -0.002, -0.017, -0.006
3.300, 0.018, -0.092, -0.073, 0.057, -0.016, -0.080, 0.009, 0.065, 0.095, -0.027, 0.042, 0.054, -0.010, -0.026, 0.004, -0.010, -0.017, 0.004, -0.002, -0.026, -0.005, -0.002, -0.016, -0.005
3.310, 0.020, -0.091, -0.071, 0.058, -0.012, -0.076, 0.003, 0.065, 0.092, -0.030, 0.037, 0.051, -0.009, -0.026, 0.004, -0.010, -0.015, 0.003, -0.001, -0.026, -0.004, -0.001, -0.015, -0.005
3.320, 0.019, -0.089, -0.069, 0.056, -0.010, -0.072, -0.000, 0.064, 0.089, -0.033, 0.035, 0.048, -0.009, -0.025, 0.004, -0.009, -0.015, 0.003, -0.000, -0.025, -0.004, -0.001, -0.014, -0.005
3.330, 0.017, -0.086, -0.067, 0.053, -0.010, -0.069, -0.002, 0.063, 0.085, -0.034, 0.032, 0.047, -0.008, -0.024, 0.004, -0.009, -0.014, 0.003, -0.000, -0.024, -0.004, -0.000, -0.014, -0.005
3.340, 0.016, -0.082, -0.065, 0.050, -0.010, -0.067, -0.003, 0.059, 0.084, -0.031, 0.029, 0.048, -0.008, -0.023, 0.004, -0.008, -0.014, 0.003, -0.000, -0.023, -0.003, -0.000, -0.014, -0.005
3.350, 0.014, -0.078, -0.062, 0.047, -0.011, -0.063, -0.003, 0.056, 0.081, -0.030, 0.027, 0.047, -0.007, -0.022, 0.004, -0.007, -0.013, 0.003, 0.000, -0.022, -0.003, -0.000, -0.013, -0.004
3.360, 0.012, -0.075, -0.059, 0.045, -0.013, -0.059, -0.003, 0.053, 0.078, -0.028, 0.025, 0.047, -0.007, -0.021, 0.004, -0.007, -0.013, 0.003, 0.000, -0.021, -0.003, -0.000, -0.013, -0.004
3.370, 0.011, -0.071, -0.056, 0.042, -0.014, -0.056, -0.003, 0.050, 0.074, -0.026, 0.022, 0.046, -0.006, -0.020, 0.004, -0.006, -0.012, 0.003, 0.000, -0.020, -0.003, 0.000, -0.012, -0.004
3.380, 0.009, -0.067, -0.053, 0.039, -0.014, -0.052, -0.003, 0.047, 0.071, -0.025, 0.021, 0.045, -0.006, -0.019, 0.004, -0.006, -0.012, 0.003, 0.000, -0.019, -0.003, 0.000, -0.012, -0.003
3.390, 0.006, -0.063, -0.051, 0.034, -0.015, -0.050, -0.003, 0.046, 0.066, -0.025, 0.022, 0.043, -0.005, -0.018, 0.004, -0.005, -0.012, 0.003, 0.001, -0.018, -0.002, 0.000, -0.012, -0.004
3.400, 0.003, -0.058, -0.048, 0.029, -0.017, -0.048, -0.001, 0.042, 0.062, -0.022, 0.022, 0.043, -0.004, -0.017, 0.003, -0.004, -0.011, 0.002, 0.000, -0.017, -0.002, 0.000, -0.011, -0.003
3.410, 0.001, -0.053, -0.046, 0.026, -0.017, -0.045, -0.001, 0.039, 0.059, -0.020, 0.021, 0.042, -0.004, -0.016, 0.003, -0.004, -0.011, 0.002, 0.001, -0.016, -0.002, 0.000, -0.011, -0.003
3.420, -0.001, -0.048, -0.044, 0.021, -0.017, -0.043, -0.000, 0.037, 0.054, -0.020, 0.022, 0.039, -0.003, -0.015, 0.003, -0.003, -0.011, 0.002, 0.001, -0.015, -0.002, 0.001, -0.011, -0.003
3.430, -0.002, -0.044, -0.041, 0.019, -0.018, -0.040, 0.001, 0.034, 0.050, -0.017, 0.021, 0.039, -0.003, -0.014, 0.003, -0.003, -0.010, 0.002, 0.001, -0.014, -0.002, 0.000, -0.010, -0.003
3.440, -0.003, -0.041, -0.038, 0.016, -0.017, -0.037, 0.001, 0.032, 0.047, -0.016, 0.019, 0.037, -0.002, -0.013, 0.003, -0.002, -0.009, 0.002, 0.001, -0.013, -0.002, 0.001, -0.009, -0.003
3.450, -0.004, -0.037, -0.036, 0.014, -0.015, -0.034, -0.000, 0.031, 0.042, -0.017, 0.019, 0.033, -0.002, -0.012, 0.002, -0.002, -0.009, 0.001, 0.001, -0.012, -0.002, 0.001, -0.009, -0.003
3.460, -0.006, -0.034, -0.032, 0.010, -0.016, -0.032, 0.005, 0.039, 0.029, -0.015, 0.020, 0.031, -0.001, -0.011, 0.002, -0.001, -0.008, 0.001, 0.001, -0.011, -0.002, 0.001, -0.008, -0.003
3.470, -0.008, -0.029, -0.031, 0.006, -0.016, -0.032, 0.006, 0.034, 0.027, -0.012, 0.019, 0.031, -0.001, -0.010, 0.002, -0.001, -0.008, 0.001, 0.000, -0.010, -0.001, 0.000, -0.009, -0.003
3.480, -0.010, -0.025, -0.029, 0.002, -0.015, -0.032, 0.007, 0.029, 0.026, -0.009, 0.019, 0.031, -0.001, -0.009, 0.002, -0.001, -0.008, 0.001, 0.000, -0.009, -0.001, 0.000, -0.008, -0.002
3.490, -0.011, -0.022, -0.026, -0.000, -0.016, -0.030, 0.008, 0.026, 0.024, -0.007, 0.019, 0.030, -0.000, -0.008, 0.002, -0.000, -0.008, 0.001, -0.000, -0.008, -0.001, 0.000, -0.008, -0.002
3.500, 0.415, 0.168, -0.248, 0.265, 0.279, -0.170, 0.111, -0.033, 0.079, 0.180, -0.220, 0.036, -0.074, -0.030, -0.089, -0.078, 0.013, -0.007, -0.044, -0.028, -0.038, -0.048, 0.015, 0.043
3.510, 1.203, 0.466, -0.627, 0.786, 0.781, -0.393, 0.312, -0.097, 0.168, 0.508, -0.621, 0.024, -0.162, -0.053, -0.182, -0.170, 0.041, -0.004, -0.094, -0.050, -0.089, -0.103, 0.044, 0.089
3.520, 1.680, 0.429, -0.722, 1.246, 0.926, -0.391, 0.521, 0.088, 0.110, 0.657, -0.701, -0.098, -0.226, -0.066, -0.226, -0.237, 0.067, 0.018, -0.128, -0.063, -0.137, -0.138, 0.071, 0.106
3.530, 1.958, 0.295, -0.697, 1.578, 0.940, -0.312, 0.666, 0.304, 0.037, 0.708, -0.668, -0.226, -0.269, -0.075, -0.243, -0.279, 0.088, 0.039, -0.148, -0.071, -0.169, -0.157, 0.091, 0.113
3.540, 2.120, 0.207, -0.656, 1.760, 0.967, -0.247, 0.718, 0.430, 0.015, 0.722, -0.654, -0.298, -0.294, -0.080, -0.247, -0.302, 0.101, 0.052, -0.157, -0.077, -0.182, -0.165, 0.104, 0.117
3.550, 2.186, 0.143, -0.598, 1.827, 0.995, -0.191, 0.706, 0.491, 0.025, 0.706, -0.651, -0.331, -0.305, -0.083, -0.241, -0.310, 0.110, 0.058, -0.157, -0.081, -0.182, -0.163, 0.112, 0.117
3.560, 2.174, 0.087, -0.526, 1.816, 0.999, -0.133, 0.656, 0.523, 0.040, 0.662, -0.634, -0.348, -0.304, -0.083, -0.228, -0.307, 0.115, 0.061, -0.152, -0.081, -0.175, -0.154, 0.117, 0.113
3.570, 2.104, 0.037, -0.449, 1.750, 0.982, -0.077, 0.584, 0.538, 0.052, 0.597, -0.603, -0.357, -0.295, -0.081, -0.210, -0.295, 0.118, 0.060, -0.142, -0.080, -0.165, -0.142, 0.119, 0.106
3.580, 1.992, -0.008, -0.371, 1.647, 0.947, -0.024, 0.502, 0.537, 0.060, 0.521, -0.564, -0.360, -0.280, -0.077, -0.190, -0.278, 0.118, 0.057, -0.129, -0.077, -0.151, -0.127, 0.118, 0.096
3.590, 1.854, -0.041, -0.299, 1.518, 0.904, 0.020, 0.415, 0.520, 0.065, 0.441, -0.526, -0.358, -0.261, -0.072, -0.169, -0.257, 0.117, 0.052, -0.115, -0.072, -0.136, -0.111, 0.116, 0.086
3.600, 1.703, -0.062, -0.237, 1.375, 0.858, 0.054, 0.330, 0.491, 0.065, 0.361, -0.488, -0.352, -0.239, -0.065, -0.149, -0.234, 0.114, 0.046, -0.100, -0.066, -0.120, -0.095, 0.113, 0.075
3.610, 1.543, -0.078, -0.180, 1.229, 0.804, 0.083, 0.251, 0.456, 0.061, 0.286, -0.449, -0.344, -0.217, -0.058, -0.130, -0.211, 0.110, 0.039, -0.085, -0.060, -0.105, -0.080, 0.109, 0.064
3.620, 1.386, -0.082, -0.136, 1.083, 0.749, 0.105, 0.179, 0.414, 0.053, 0.218, -0.414, -0.334, -0.194, -0.051, -0.113, -0.188, 0.106, 0.031, -0.072, -0.053, -0.090, -0.065, 0.104, 0.054
3.630, 1.229, -0.087, -0.092, 0.944, 0.694, 0.120, 0.118, 0.371, 0.042, 0.158, -0.380, -0.323, -0.172, -0.043, -0.097, -0.165, 0.101, 0.024, -0.059, -0.045, -0.077, -0.053, 0.099, 0.045
3.640, 1.080, -0.085, -0.056, 0.813, 0.636, 0.133, 0.066, 0.327, 0.029, 0.107, -0.349, -0.311, -0.150, -0.035, -0.083, -0.144, 0.097, 0.018, -0.047, -0.037, -0.064, -0.041, 0.094, 0.036
3.650, 0.944, -0.071, -0.032, 0.690, 0.588, 0.135, 0.022, 0.281, 0.015, 0.065, -0.322, -0.297, -0.130, -0.027, -0.071, -0.124, 0.091, 0.011, -0.037, -0.029, -0.053, -0.032, 0.089, 0.030
3.660, 0.813, -0.066, -0.003, 0.582, 0.531, 0.144, -0.012, 0.238, -0.001, 0.031, -0.295, -0.283, -0.112, -0.019, -0.060, -0.107, 0.087, 0.006, -0.029, -0.022, -0.043, -0.023, 0.084, 0.024
3.670, 0.695, -0.055, 0.019, 0.483, 0.478, 0.149, -0.038, 0.198, -0.017, 0.005, -0.271, -0.269, -0.095, -0.012, -0.051, -0.090, 0.082, 0.002, -0.021, -0.015, -0.034, -0.016, 0.079, 0.019
3.680, 0.589, -0.040, 0.036, 0.395, 0.431, 0.151, -0.058, 0.158, -0.032, -0.013, -0.251, -0.254, -0.080, -0.006, -0.043, -0.076, 0.077, -0.002, -0.015, -0.008, -0.026, -0.011, 0.075, 0.015
3.690, 0.494, -0.024, 0.051, 0.316, 0.392, 0.147, -0.072, 0.121, -0.046, -0.025, -0.233, -0.239, -0.066, 0.001, -0.036, -0.063, 0.072, -0.005, -0.010, -0.001, -0.019, -0.006, 0.070, 0.012
3.700, 0.411, -0.007, 0.061, 0.249, 0.347, 0.151, -0.082, 0.088, -0.060, -0.034, -0.215, -0.225, -0.054, 0.007, -0.030, -0.051, 0.068, -0.008, -0.006, 0.005, -0.013, -0.003, 0.066, 0.010
3.710, 0.336, 0.005, 0.074, 0.192, 0.307, 0.152, -0.086, 0.059, -0.073, -0.037, -0.199, -0.212, -0.044, 0.012, -0.025, -0.041, 0.064, -0.009, -0.003, 0.010, -0.008, 0.000, 0.062, 0.008
3.720, 0.269, 0.015, 0.087, 0.142, 0.271, 0.152, -0.088, 0.032, -0.085, -0.037, -0.185, -0.199, -0.035, 0.016, -0.021, -0.033, 0.060, -0.010, -0.000, 0.015, -0.004, 0.002, 0.059, 0.007
3.730, 0.214, 0.028, 0.095, 0.098, 0.244, 0.147, -0.086, 0.008, -0.094, -0.034, -0.173, -0.186, -0.027, 0.021, -0.018, -0.025, 0.057, -0.011, 0.002, 0.019, -0.000, 0.003, 0.055, 0.006
3.740, 0.166, 0.039, 0.103, 0.065, 0.211, 0.151, -0.084, -0.013, -0.103, -0.030, -0.161, -0.174, -0.021, 0.024, -0.014, -0.019, 0.053, -0.012, 0.003, 0.023, 0.003, 0.004, 0.052, 0.006
3.750, 0.126, 0.053, 0.105, 0.034, 0.186, 0.149, -0.080, -0.031, -0.110, -0.024, -0.152, -0.163, -0.015, 0.027, -0.012, -0.014, 0.050, -0.012, 0.004, 0.026, 0.005, 0.005, 0.050, 0.006
3.760, 0.092, 0.061, 0.111, 0.010, 0.162, 0.148, -0.074, -0.046, -0.116, -0.018, -0.141, -0.155, -0.010, 0.030, -0.010, -0.010, 0.048, -0.012, 0.004, 0.029, 0.007, 0.005, 0.047, 0.006
3.770, 0.063, 0.067, 0.116, -0.009, 0.141, 0.148, -0.068, -0.059, -0.120, -0.012, -0.131, -0.147, -0.007, 0.032, -0.008, -0.006, 0.045, -0.011, 0.004, 0.031, 0.009, 0.005, 0.045, 0.005
3.780, 0.039, 0.069, 0.123, -0.024, 0.124, 0.146, -0.062, -0.070, -0.124, -0.005, -0.123, -0.139, -0.004, 0.034, -0.007, -0.004, 0.043, -0.011, 0.004, 0.033, 0.010, 0.004, 0.043, 0.006
3.790, 0.021, 0.076, 0.125, -0.038, 0.114, 0.140, -0.055, -0.079, -0.126, 0.003, -0.117, -0.131, -0.001, 0.035, -0.006, -0.001, 0.041, -0.011, 0.004, 0.035, 0.010, 0.004, 0.041, 0.006
3.800, 0.007, 0.078, 0.127, -0.045, 0.098, 0.140, -0.047, -0.081, -0.130, 0.004, -0.097, -0.137, 0.000, 0.036, -0.005, 0.000, 0.039, -0.010, 0.004, 0.036, 0.010, 0.004, 0.039, 0.006
3.810, -0.004, 0.082, 0.128, -0.050, 0.083, 0.142, -0.042, -0.087, -0.130, 0.010, -0.094, -0.129, 0.002, 0.037, -0.005, 0.002, 0.038, -0.009, 0.003, 0.036, 0.011, 0.003, 0.038, 0.007
3.820, -0.011, 0.087, 0.126, -0.056, 0.077, 0.138, -0.038, -0.095, -0.128, 0.017, -0.094, -0.121, 0.003, 0.037, -0.005, 0.003, 0.036, -0.009, 0.003, 0.037, 0.012, 0.003, 0.036, 0.007
3.830, -0.018, 0.090, 0.125, -0.060, 0.073, 0.134, -0.035, -0.101, -0.124, 0.027, -0.103, -0.104, 0.004, 0.037, -0.004, 0.003, 0.035, -0.009, 0.003, 0.037, 0.012, 0.002, 0.035, 0.007
3.840, -0.023, 0.087, 0.126, -0.061, 0.064, 0.132, -0.029, -0.098, -0.125, 0.028, -0.094, -0.104, 0.004, 0.037, -0.004, 0.004, 0.034, -0.008, 0.002, 0.037, 0.011, 0.002, 0.034, 0.007
3.850, -0.026, 0.085, 0.125, -0.061, 0.057, 0.129, -0.024, -0.096, -0.125, 0.030, -0.086, -0.103, 0.004, 0.036, -0.004, 0.004, 0.032, -0.008, 0.002, 0.036, 0.011, 0.001, 0.032, 0.007
3.860, -0.027, 0.084, 0.123, -0.061, 0.055, 0.125, -0.021, -0.095, -0.122, 0.031, -0.082, -0.100, 0.004, 0.036, -0.004, 0.004, 0.031, -0.008, 0.001, 0.036, 0.010, 0.001, 0.031, 0.006
3.870, -0.027, 0.084, 0.120, -0.060, 0.053, 0.121, -0.018, -0.093, -0.120, 0.033, -0.078, -0.097, 0.004, 0.035, -0.004, 0.004, 0.030, -0.008, 0.001, 0.035, 0.010, 0.001, 0.030, 0.006
3.880, -0.026, 0.082, 0.117, -0.058, 0.051, 0.117, -0.016, -0.091, -0.117, 0.033, -0.075, -0.095, 0.004, 0.034, -0.004, 0.003, 0.029, -0.007, 0.001, 0.034, 0.009, 0.000, 0.029, 0.006
3.890, -0.024, 0.080, 0.114, -0.056, 0.050, 0.113, -0.014, -0.089, -0.113, 0.033, -0.071, -0.093, 0.003, 0.033, -0.004, 0.003, 0.029, -0.007, 0.000, 0.033, 0.009, -0.000, 0.028, 0.006
3.900, -0.022, 0.077, 0.111, -0.053, 0.049, 0.109, -0.012, -0.085, -0.110, 0.033, -0.068, -0.091, 0.003, 0.032, -0.004, 0.003, 0.028, -0.007, 0.000, 0.032, 0.008, -0.000, 0.028, 0.005
3.910, -0.020, 0.075, 0.107, -0.051, 0.048, 0.106, -0.011, -0.082, -0.106, 0.032, -0.065, -0.089, 0.003, 0.031, -0.004, 0.002, 0.027, -0.007, -0.000, 0.031, 0.008, -0.000, 0.027, 0.005
3.920, -0.017, 0.076, 0.100, -0.049, 0.047, 0.100, -0.009, -0.079, -0.102, 0.031, -0.060, -0.086, 0.002, 0.030, -0.004, 0.002, 0.026, -0.007, -0.000, 0.030, 0.007, -0.001, 0.026, 0.005
3.930, -0.017, 0.072, 0.096, -0.047, 0.045, 0.094, -0.007, -0.075, -0.098, 0.030, -0.054, -0.085, 0.002, 0.029, -0.004, 0.002, 0.024, -0.007, -0.001, 0.029, 0.007, -0.001, 0.024, 0.004
3.940, -0.015, 0.068, 0.093, -0.044, 0.044, 0.089, -0.005, -0.072, -0.093, 0.029, -0.050, -0.082, 0.002, 0.027, -0.004, 0.001, 0.023, -0.007, -0.001, 0.027, 0.006, -0.001, 0.023, 0.004
3.950, -0.014, 0.061, 0.092, -0.041, 0.043, 0.085, -0.004, -0.068, -0.088, 0.029, -0.047, -0.079, 0.001, 0.026, -0.004, 0.001, 0.022, -0.006, -0.001, 0.026, 0.006, -0.001, 0.022, 0.003
3.960, -0.014, 0.059, 0.086, -0.040, 0.042, 0.078, -0.002, -0.063, -0.086, 0.028, -0.042, -0.075, 0.001, 0.025, -0.004, 0.001, 0.021, -0.006, -0.001, 0.025, 0.005, -0.002, 0.021, 0.003
3.970, -0.012, 0.058, 0.080, -0.038, 0.042, 0.071, -0.000, -0.061, -0.080, 0.028, -0.040, -0.070, 0.001, 0.023, -0.004, 0.001, 0.019, -0.006, -0.002, 0.023, 0.005, -0.002, 0.019, 0.003
3.980, -0.010, 0.056, 0.075, -0.036, 0.041, 0.065, 0.000, -0.059, -0.074, 0.028, -0.037, -0.066, 0.001, 0.022, -0.004, 0.001, 0.018, -0.006, -0.002, 0.022, 0.005, -0.002, 0.018, 0.003
