Time (s),Joint Vel 1,Joint Vel 2,Joint Vel 3,Body Vel X,Body Vel Y,Body Vel Z
1,0,0,0,0,0,0
1.01,0.524,0,0,0,0.122,-0.066
1.02,0.916,0,0,0,0.259,-0.098
1.03,1.014,0,0,0,0.308,-0.109
1.04,1.039,0,0,0,0.312,-0.114
1.05,1.045,0,0,0,0.312,-0.117
1.06,1.047,0,0,0,0.311,-0.121
1.07,1.047,0,0,0,0.309,-0.124
1.08,1.047,0,0,0,0.308,-0.127
1.09,1.047,0,0,0,0.307,-0.13
1.1,1.047,0,0,0,0.305,-0.133
1.11,1.047,0,0,0,0.304,-0.136
1.12,1.047,0,0,0,0.303,-0.139
1.13,1.047,0,0,0,0.301,-0.142
1.14,1.047,0,0,0,0.3,-0.145
1.15,1.047,0,0,0,0.298,-0.147
1.16,1.047,0,0,0,0.297,-0.15
1.17,1.047,0,0,0,0.295,-0.153
1.18,1.047,0,0,0,0.293,-0.156
1.19,1.047,0,0,0,0.292,-0.159
1.2,1.047,0,0,0,0.29,-0.162
1.21,1.047,0,0,0,0.288,-0.165
1.22,1.047,0,0,0,0.287,-0.167
1.23,1.047,0,0,0,0.285,-0.17
1.24,1.047,0,0,0,0.283,-0.173
1.25,1.047,0,0,0,0.281,-0.176
1.26,1.047,0,0,0,0.279,-0.178
1.27,1.047,0,0,0,0.277,-0.181
1.28,1.047,0,0,0,0.276,-0.184
1.29,1.047,0,0,0,0.274,-0.186
1.3,1.047,0,0,0,0.272,-0.189
1.31,1.047,0,0,0,0.27,-0.192
1.32,1.047,0,0,0,0.268,-0.194
1.33,1.047,0,0,0,0.266,-0.197
1.34,1.047,0,0,0,0.264,-0.199
1.35,1.047,0,0,0,0.258,-0.199
1.36,0.947,0,0,0,0.224,-0.177
1.37,0.773,0,0,0,0.179,-0.144
1.38,0.602,0,0,0,0.138,-0.112
1.39,0.459,0,0,0,0.105,-0.086
1.4,0.345,0,0,0,0.078,-0.065
1.41,0.258,0,0,0,0.058,-0.048
1.42,0.193,0,0,0,0.043,-0.036
1.43,0.143,0,0,0,0.032,-0.027
1.44,0.107,0,0,0,0.024,-0.02
1.45,0.079,0,0,0,0.018,-0.015
1.46,0.059,0,0,0,0.013,-0.011
1.47,0.044,0,0,0,0.01,-0.008
1.48,0.032,0,0,0,0.007,-0.006
1.49,0.024,0,0,0,0.005,-0.005
1.5,0.018,0,0,0,0.004,-0.004
1.51,-0.347,0,0,0,-0.096,0.082
1.52,-0.759,0,0,0,-0.202,0.167
1.53,-0.975,0,0,0,-0.243,0.197
1.54,-1.029,0,0,0,-0.255,0.202
1.55,-1.043,0,0,0,-0.26,0.202
1.56,-1.046,0,0,0,-0.262,0.2
1.57,-1.047,0,0,0,-0.265,0.197
1.58,-1.047,0,0,0,-0.267,0.195
1.59,-1.047,0,0,0,-0.269,0.192
1.6,-1.047,0,0,0,-0.271,0.189
1.61,-1.047,0,0,0,-0.273,0.187
1.62,-1.047,0,0,0,-0.275,0.184
1.63,-1.047,0,0,0,-0.277,0.181
1.64,-1.047,0,0,0,-0.279,0.179
1.65,-1.047,0,0,0,-0.28,0.176
1.66,-1.047,0,0,0,-0.282,0.173
1.67,-1.047,0,0,0,-0.284,0.171
1.68,-1.047,0,0,0,-0.286,0.168
1.69,-1.047,0,0,0,-0.288,0.165
1.7,-1.047,0,0,0,-0.289,0.162
1.71,-1.047,0,0,0,-0.291,0.159
1.72,-1.047,0,0,0,-0.293,0.157
1.73,-1.047,0,0,0,-0.294,0.154
1.74,-1.047,0,0,0,-0.296,0.151
1.75,-1.047,0,0,0,-0.297,0.148
1.76,-1.047,0,0,0,-0.299,0.145
1.77,-1.047,0,0,0,-0.3,0.142
1.78,-1.047,0,0,0,-0.302,0.139
1.79,-1.047,0,0,0,-0.303,0.136
1.8,-1.047,0,0,0,-0.305,0.133
1.81,-1.047,0,0,0,-0.306,0.13
1.82,-1.047,0,0,0,-0.307,0.127
1.83,-1.047,0,0,0,-0.309,0.124
1.84,-1.047,0,0,0,-0.31,0.121
1.85,-1.047,0,0,0,-0.311,0.118
1.86,-0.996,0,0,0,-0.286,0.105
1.87,-0.83,0,0,0,-0.235,0.084
1.88,-0.653,0,0,0,-0.184,0.065
1.89,-0.5,0,0,0,-0.141,0.049
1.9,-0.377,0,0,0,-0.106,0.036
1.91,-0.283,0,0,0,-0.079,0.027
1.92,-0.211,0,0,0,-0.059,0.02
1.93,-0.157,0,0,0,-0.044,0.015
1.94,-0.117,0,0,0,-0.033,0.011
1.95,-0.087,0,0,0,-0.024,0.008
1.96,-0.065,0,0,0,-0.018,0.006
1.97,-0.048,0,0,0,-0.013,0.004
1.98,-0.036,0,0,0,-0.01,0.003
1.99,-0.026,0,0,0,-0.007,0.002
2,-0.02,0,0,0,-0.005,0.002
2.01,-0.015,0,0,0,-0.004,0.001
2.02,-0.011,0,0,0,-0.003,0.001
2.03,-0.008,0,0,0,-0.002,0.001
2.04,-0.006,0,0,0,-0.002,0
2.05,-0.004,0,0,0,-0.001,0
2.06,-0.003,0,0,0,-0.001,0
2.07,-0.002,0,0,0,-0.001,0
2.08,-0.002,0,0,0,0,0
2.09,-0.001,0,0,0,0,0
2.1,-0.001,0,0,0,0,0
2.11,-0.001,0,0,0,0,0
2.12,-0.001,0,0,0,0,0
2.13,0,0,0,0,0,0
2.14,0,0,0,0,0,0
2.15,0,0,0,0,0,0
2.16,0,0,0,0,0,0
2.17,0,0,0,0,0,0
2.18,0,0,0,0,0,0
2.19,0,0,0,0,0,0
2.2,0,0,0,0,0,0
2.21,0,0,0,0,0,0
2.22,0,0,0,0,0,0
2.23,0,0,0,0,0,0
2.24,0,0,0,0,0,0
2.25,0,0,0,0,0,0
2.26,0,0,0,0,0,0
2.27,0,0,0,0,0,0
2.28,0,0,0,0,0,0
2.29,0,0,0,0,0,0
2.3,0,0,0,0,0,0
2.31,0,0,0,0,0,0
2.32,0,0,0,0,0,0
2.33,0,0,0,0,0,0
2.34,0,0,0,0,0,0
2.35,0,0,0,0,0,0
2.36,0,0,0,0,0,0
2.37,0,0,0,0,0,0
2.38,0,0,0,0,0,0
2.39,0,0,0,0,0,0
2.4,0,0,0,0,0,0
2.41,0,0,0,0,0,0
2.42,0,0,0,0,0,0
2.43,0,0,0,0,0,0
2.44,0,0,0,0,0,0
2.45,0,0,0,0,0,0
2.46,0,0,0,0,0,0
2.47,0,0,0,0,0,0
2.48,0,0,0,0,0,0
2.49,0,0,0,0,0,0
2.5,0,0,0,0,0,0
2.51,0.524,0,0,0,0.122,-0.066
2.52,0.916,0,0,0,0.26,-0.098
2.53,1.014,0,0,0,0.308,-0.109
2.54,1.039,0,0,0,0.312,-0.114
2.55,1.045,0,0,0,0.311,-0.117
2.56,1.047,0,0,0,0.31,-0.121
2.57,1.047,0,0,0,0.309,-0.124
2.58,1.047,0,0,0,0.308,-0.127
2.59,1.047,0,0,0,0.307,-0.13
2.6,1.047,0,0,0,0.305,-0.133
2.61,1.047,0,0,0,0.304,-0.136
2.62,1.047,0,0,0,0.302,-0.139
2.63,1.047,0,0,0,0.301,-0.142
2.64,1.047,0,0,0,0.299,-0.144
2.65,1.047,0,0,0,0.298,-0.147
2.66,1.047,0,0,0,0.296,-0.15
2.67,1.047,0,0,0,0.295,-0.153
2.68,1.047,0,0,0,0.293,-0.156
2.69,1.047,0,0,0,0.291,-0.159
2.7,1.047,0,0,0,0.29,-0.162
2.71,1.047,0,0,0,0.288,-0.165
2.72,1.047,0,0,0,0.286,-0.167
2.73,1.047,0,0,0,0.285,-0.17
2.74,1.047,0,0,0,0.283,-0.173
2.75,1.047,0,0,0,0.281,-0.176
2.76,1.047,0,0,0,0.279,-0.178
2.77,1.047,0,0,0,0.277,-0.181
2.78,1.047,0,0,0,0.275,-0.184
2.79,1.047,0,0,0,0.273,-0.186
2.8,1.047,0,0,0,0.271,-0.189
2.81,1.047,0,0,0,0.269,-0.192
2.82,1.047,0,0,0,0.267,-0.194
2.83,1.047,0,0,0,0.265,-0.197
2.84,1.047,0,0,0,0.263,-0.199
2.85,1.047,0,0,0,0.257,-0.199
2.86,0.947,0,0,0,0.224,-0.177
2.87,0.772,0,0,0,0.179,-0.144
2.88,0.602,0,0,0,0.138,-0.112
2.89,0.458,0,0,0,0.104,-0.085
2.9,0.345,0,0,0,0.078,-0.065
2.91,0.258,0,0,0,0.058,-0.048
2.92,0.193,0,0,0,0.043,-0.036
2.93,0.143,0,0,0,0.032,-0.027
2.94,0.107,0,0,0,0.024,-0.02
2.95,0.079,0,0,0,0.018,-0.015
2.96,0.059,0,0,0,0.013,-0.011
2.97,0.044,0,0,0,0.01,-0.008
2.98,0.032,0,0,0,0.007,-0.006
2.99,0.024,0,0,0,0.005,-0.005
3,0.018,0,0,0,0.004,-0.004
3.01,-0.347,0,0,0,-0.096,0.082
3.02,-0.76,0,0,0,-0.202,0.167
3.03,-0.975,0,0,0,-0.243,0.197
3.04,-1.029,0,0,0,-0.255,0.202
3.05,-1.043,0,0,0,-0.26,0.202
3.06,-1.046,0,0,0,-0.262,0.2
3.07,-1.047,0,0,0,-0.264,0.197
3.08,-1.047,0,0,0,-0.267,0.195
3.09,-1.047,0,0,0,-0.269,0.192
3.1,-1.047,0,0,0,-0.271,0.189
3.11,-1.047,0,0,0,-0.273,0.187
3.12,-1.047,0,0,0,-0.274,0.184
3.13,-1.047,0,0,0,-0.276,0.181
3.14,-1.047,0,0,0,-0.278,0.179
3.15,-1.047,0,0,0,-0.28,0.176
3.16,-1.047,0,0,0,-0.282,0.173
3.17,-1.047,0,0,0,-0.284,0.171
3.18,-1.047,0,0,0,-0.286,0.168
3.19,-1.047,0,0,0,-0.287,0.165
3.2,-1.047,0,0,0,-0.289,0.162
3.21,-1.047,0,0,0,-0.291,0.159
3.22,-1.047,0,0,0,-0.292,0.157
3.23,-1.047,0,0,0,-0.294,0.154
3.24,-1.047,0,0,0,-0.296,0.151
3.25,-1.047,0,0,0,-0.297,0.148
3.26,-1.047,0,0,0,-0.299,0.145
3.27,-1.047,0,0,0,-0.3,0.142
3.28,-1.047,0,0,0,-0.302,0.139
3.29,-1.047,0,0,0,-0.303,0.136
3.3,-1.047,0,0,0,-0.304,0.133
3.31,-1.047,0,0,0,-0.306,0.13
3.32,-1.047,0,0,0,-0.307,0.127
3.33,-1.047,0,0,0,-0.309,0.124
3.34,-1.047,0,0,0,-0.31,0.121
3.35,-1.047,0,0,0,-0.311,0.118
3.36,-1.047,0,0,0,-0.312,0.115
3.37,-1.047,0,0,0,-0.313,0.112
3.38,-1.047,0,0,0,-0.315,0.109
3.39,-1.047,0,0,0,-0.316,0.106
3.4,-1.047,0,0,0,-0.317,0.103
3.41,-1.047,0,0,0,-0.318,0.1
3.42,-1.047,0,0,0,-0.319,0.097
3.43,-1.047,0,0,0,-0.32,0.093
3.44,-1.047,0,0,0,-0.321,0.09
3.45,-1.047,0,0,0,-0.322,0.087
3.46,-1.047,0,0,0,-0.323,0.084
3.47,-1.047,0,0,0,-0.324,0.081
3.48,-1.047,0,0,0,-0.324,0.078
3.49,-1.047,0,0,0,-0.325,0.074
3.5,-1.047,0,0,0,-0.326,0.071
3.51,0,0,0,0,-0.116,-0.018
3.52,0.785,0,0,0,0.062,-0.059
3.53,0.982,0,0,0,0.197,-0.072
3.54,1.031,0,0,0,0.312,-0.078
3.55,1.043,0,0,0,0.321,-0.081
3.56,1.046,0,0,0,0.322,-0.085
3.57,1.047,0,0,0,0.322,-0.088
3.58,1.047,0,0,0,0.321,-0.091
3.59,0.993,0,0,0,0.292,-0.086
3.6,0.825,0,0,0,0.238,-0.072
3.61,0.648,0,0,0,0.185,-0.057
3.62,0.496,0,0,0,0.141,-0.044
3.63,0.374,0,0,0,0.106,-0.034
3.64,0.28,0,0,0,0.079,-0.026
3.65,0.209,0,0,0,0.059,-0.019
3.66,0.156,0,0,0,0.044,-0.014
3.67,0.116,0,0,0,0.033,-0.011
3.68,0.086,0,0,0,0.024,-0.008
3.69,0.064,0,0,0,0.018,-0.006
3.7,0.048,0,0,0,0.013,-0.004
3.71,0.035,0,0,0,0.01,-0.003
3.72,0.026,0,0,0,0.007,-0.003
3.73,0.019,0,0,0,0.006,-0.002
3.74,0.014,0,0,0,0.004,-0.001
3.75,0.011,0,0,0,0.003,-0.001
3.76,0.008,0,0,0,0.002,-0.001
3.77,0.006,0,0,0,0.002,-0.001
3.78,0.004,0,0,0,0.001,-0.001
3.79,0.003,0,0,0,0.001,0
3.8,0.002,0,0,0,0.001,0
3.81,0.002,0,0,0,0.001,0
3.82,0.001,0,0,0,0,0
3.83,0.001,0,0,0,0,0
3.84,0.001,0,0,0,0,0
3.85,0.001,0,0,0,0,0
3.86,0,0,0,0,0,0
3.87,0,0,0,0,0,0
3.88,0,0,0,0,0,0
3.89,0,0,0,0,0,0
3.9,0,0,0,0,0,0
3.91,0,0,0,0,0,0
3.92,0,0,0,0,0,0
3.93,0,0,0,0,0,0
3.94,0,0,0,0,0,0
3.95,0,0,0,0,0,0
3.96,0,0,0,0,0,0
3.97,0,0,0,0,0,0
3.98,0,0,0,0,0,0
3.99,0,0,0,0,0,0
4,0,0,0,0,0,0
4.01,-0.309,0,0,0,-0.151,0.05
4.02,-0.863,0,0,0,-0.276,0.088
4.03,-1.001,0,0,0,-0.308,0.095
4.04,-1.036,0,0,0,-0.317,0.095
4.05,-1.044,0,0,0,-0.319,0.092
4.06,-1.046,0,0,0,-0.321,0.089
4.07,-1.047,0,0,0,-0.322,0.086
4.08,-1.047,0,0,0,-0.323,0.083
4.09,-1.047,0,0,0,-0.324,0.08
4.1,-1.047,0,0,0,-0.325,0.077
4.11,-1.047,0,0,0,-0.325,0.073
4.12,-1.047,0,0,0,-0.326,0.07
4.13,-1.047,0,0,0,-0.327,0.067
4.14,-1.047,0,0,0,-0.328,0.064
4.15,-1.047,0,0,0,-0.328,0.06
4.16,-1.047,0,0,0,-0.329,0.057
4.17,-1.047,0,0,0,-0.329,0.054
4.18,-1.047,0,0,0,-0.33,0.051
4.19,-1.047,0,0,0,-0.33,0.048
4.2,-1.047,0,0,0,-0.331,0.044
4.21,-1.047,0,0,0,-0.331,0.041
4.22,-1.047,0,0,0,-0.332,0.038
4.23,-1.047,0,0,0,-0.332,0.034
4.24,-1.047,0,0,0,-0.332,0.031
4.25,-1.047,0,0,0,-0.333,0.028
4.26,-1.047,0,0,0,-0.333,0.025
4.27,-1.047,0,0,0,-0.333,0.021
4.28,-1.047,0,0,0,-0.334,0.018
4.29,-1.047,0,0,0,-0.334,0.015
4.3,-1.047,0,0,0,-0.334,0.012
4.31,-1.047,0,0,0,-0.334,0.008
4.32,-1.047,0,0,0,-0.334,0.005
4.33,-1.047,0,0,0,-0.334,0.002
4.34,-1.047,0,0,0,-0.334,-0.002
4.35,-1.047,0,0,0,-0.332,-0.005
4.36,-0.979,0,0,0,-0.3,-0.007
4.37,-0.809,0,0,0,-0.244,-0.008
4.38,-0.635,0,0,0,-0.19,-0.007
4.39,-0.485,0,0,0,-0.144,-0.006
4.4,-0.366,0,0,0,-0.109,-0.005
4.41,-0.274,0,0,0,-0.081,-0.004
4.42,-0.204,0,0,0,-0.061,-0.003
4.43,-0.152,0,0,0,-0.045,-0.002
4.44,-0.113,0,0,0,-0.034,-0.002
4.45,-0.084,0,0,0,-0.025,-0.001
4.46,-0.062,0,0,0,-0.019,-0.001
4.47,-0.046,0,0,0,-0.014,-0.001
4.48,-0.034,0,0,0,-0.01,-0.001
4.49,-0.026,0,0,0,-0.008,-0.001
4.5,-0.019,0,0,0,-0.006,0
4.51,-0.014,0,0,0,-0.004,0
4.52,-0.01,0,0,0,-0.003,0
4.53,-0.008,0,0,0,-0.002,0
4.54,-0.006,0,0,0,-0.002,0
4.55,-0.004,0,0,0,-0.001,0
4.56,-0.003,0,0,0,-0.001,0
4.57,-0.002,0,0,0,-0.001,0
4.58,-0.002,0,0,0,0,0
4.59,-0.001,0,0,0,0,0
4.6,-0.001,0,0,0,0,0
4.61,-0.001,0,0,0,0,0
4.62,-0.001,0,0,0,0,0
4.63,0,0,0,0,0,0
4.64,0,0,0,0,0,0
4.65,0,0,0,0,0,0
4.66,0,0,0,0,0,0
4.67,0,0,0,0,0,0
4.68,0,0,0,0,0,0
4.69,0,0,0,0,0,0
4.7,0,0,0,0,0,0
4.71,0,0,0,0,0,0
4.72,0,0,0,0,0,0
4.73,0,0,0,0,0,0
4.74,0,0,0,0,0,0
4.75,0,0,0,0,0,0
4.76,0,0,0,0,0,0
4.77,0,0,0,0,0,0
4.78,0,0,0,0,0,0
4.79,0,0,0,0,0,0
4.8,0,0,0,0,0,0
4.81,0,0,0,0,0,0
4.82,0,0,0,0,0,0
4.83,0,0,0,0,0,0
4.84,0,0,0,0,0,0
4.85,0,0,0,0,0,0
4.86,0,0,0,0,0,0
4.87,0,0,0,0,0,0
4.88,0,0,0,0,0,0
4.89,0,0,0,0,0,0
4.9,0,0,0,0,0,0
4.91,0,0,0,0,0,0
4.92,0,0,0,0,0,0
4.93,0,0,0,0,0,0
4.94,0,0,0,0,0,0
4.95,0,0,0,0,0,0
4.96,0,0,0,0,0,0
4.97,0,0,0,0,0,0
4.98,0,0,0,0,0,0
4.99,0,0,0,0,0,0
5,0,0,0,0,0,0
5.01,0.317,0,0,0,0.161,0.009
5.02,0.865,0,0,0,0.291,0.014
5.03,1.002,0,0,0,0.323,0.012
5.04,1.036,0,0,0,0.331,0.009
5.05,1.044,0,0,0,0.333,0.006
5.06,1.046,0,0,0,0.334,0.003
5.07,1.047,0,0,0,0.334,-0.001
5.08,1.047,0,0,0,0.334,-0.004
5.09,1.047,0,0,0,0.334,-0.007
5.1,1.047,0,0,0,0.334,-0.011
5.11,1.047,0,0,0,0.334,-0.014
5.12,1.047,0,0,0,0.334,-0.017
5.13,1.047,0,0,0,0.333,-0.02
5.14,1.047,0,0,0,0.333,-0.024
5.15,1.047,0,0,0,0.333,-0.027
5.16,1.047,0,0,0,0.333,-0.03
5.17,1.047,0,0,0,0.332,-0.034
5.18,1.047,0,0,0,0.332,-0.037
5.19,1.047,0,0,0,0.332,-0.04
5.2,1.047,0,0,0,0.331,-0.043
5.21,1.047,0,0,0,0.331,-0.047
5.22,1.047,0,0,0,0.33,-0.05
5.23,1.047,0,0,0,0.33,-0.053
5.24,1.047,0,0,0,0.329,-0.056
5.25,1.047,0,0,0,0.328,-0.06
5.26,1.047,0,0,0,0.328,-0.063
5.27,1.047,0,0,0,0.327,-0.066
5.28,1.047,0,0,0,0.326,-0.069
5.29,1.047,0,0,0,0.326,-0.072
5.3,1.047,0,0,0,0.325,-0.076
5.31,1.047,0,0,0,0.324,-0.079
5.32,1.047,0,0,0,0.323,-0.082
5.33,1.047,0,0,0,0.322,-0.085
5.34,1.047,0,0,0,0.321,-0.088
5.35,1.047,0,0,0,0.319,-0.091
5.36,0.978,0,0,0,0.286,-0.085
5.37,0.808,0,0,0,0.232,-0.071
5.38,0.633,0,0,0,0.18,-0.056
5.39,0.484,0,0,0,0.137,-0.043
5.4,0.365,0,0,0,0.103,-0.033
5.41,0.273,0,0,0,0.077,-0.025
5.42,0.204,0,0,0,0.057,-0.019
5.43,0.152,0,0,0,0.043,-0.014
5.44,0.113,0,0,0,0.032,-0.011
5.45,0.084,0,0,0,0.024,-0.008
5.46,0.062,0,0,0,0.018,-0.006
5.47,0.046,0,0,0,0.013,-0.004
5.48,0.034,0,0,0,0.01,-0.003
5.49,0.026,0,0,0,0.007,-0.002
5.5,0.019,0,0,0,0.005,-0.002
5.51,0.014,-0.524,0,0.107,0.004,-0.002
5.52,0.01,-0.916,0,0.229,0.003,-0.004
5.53,0.008,-1.014,0,0.312,0.002,-0.007
5.54,0.006,-1.039,0,0.313,0.002,-0.01
5.55,0.004,-1.045,0,0.315,0.001,-0.013
5.56,0.003,-1.047,0,0.315,0.001,-0.016
5.57,0.002,-1.047,0,0.315,0.001,-0.019
5.58,0.002,-1.047,0,0.315,0.001,-0.022
5.59,0.001,-1.047,0,0.315,0,-0.025
5.6,0.001,-1.047,0,0.315,0,-0.028
5.61,0.001,-1.047,0,0.314,0,-0.032
5.62,0.001,-1.047,0,0.314,0,-0.035
5.63,0,-1.047,0,0.314,0,-0.038
5.64,0,-1.047,0,0.313,0,-0.041
5.65,0,-1.047,0,0.313,0,-0.044
5.66,0,-1.047,0,0.312,0,-0.047
5.67,0,-1.047,0,0.312,0,-0.05
5.68,0,-1.047,0,0.311,0,-0.053
5.69,0,-1.047,0,0.311,0,-0.056
5.7,0,-1.047,0,0.31,0,-0.059
5.71,0,-1.047,0,0.309,0,-0.062
5.72,0,-1.047,0,0.309,0,-0.065
5.73,0,-1.047,0,0.308,0,-0.068
5.74,0,-1.047,0,0.307,0,-0.071
5.75,0,-1.047,0,0.306,0,-0.074
5.76,0,-1.047,0,0.306,0,-0.077
5.77,0,-1.047,0,0.305,0,-0.08
5.78,0,-1.047,0,0.304,0,-0.083
5.79,0,-1.047,0,0.303,0,-0.086
5.8,0,-1.047,0,0.302,0,-0.089
5.81,0,-1.047,0,0.301,0,-0.092
5.82,0,-1.047,0,0.3,0,-0.095
5.83,0,-1.047,0,0.299,0,-0.098
5.84,0,-1.047,0,0.298,0,-0.101
5.85,0,-1.047,0,0.293,0,-0.102
5.86,0,-0.947,0,0.256,0,-0.092
5.87,0,-0.773,0,0.205,0,-0.076
5.88,0,-0.602,0,0.159,0,-0.06
5.89,0,-0.458,0,0.12,0,-0.046
5.9,0,-0.345,0,0.09,0,-0.035
5.91,0,-0.258,0,0.067,0,-0.026
5.92,0,-0.193,0,0.05,0,-0.02
5.93,0,-0.143,0,0.037,0,-0.015
5.94,0,-0.107,0,0.028,0,-0.011
5.95,0,-0.079,0,0.021,0,-0.008
5.96,0,-0.059,0,0.015,0,-0.006
5.97,0,-0.044,0,0.011,0,-0.005
5.98,0,-0.032,0,0.008,0,-0.003
5.99,0,-0.024,0,0.006,0,-0.003
6,0,-0.018,0,0.005,0,-0.002
6.01,0,-0.013,0,0.003,0,-0.001
6.02,0,-0.01,0,0.003,0,-0.001
6.03,0,-0.007,0,0.002,0,-0.001
6.04,0,-0.005,0,0.001,0,-0.001
6.05,0,-0.004,0,0.001,0,-0.001
6.06,0,-0.003,0,0.001,0,0
6.07,0,-0.002,0,0.001,0,0
6.08,0,-0.001,0,0,0,0
6.09,0,-0.001,0,0,0,0
6.1,0,-0.001,0,0,0,0
6.11,0,-0.001,0,0,0,0
6.12,0,-0.001,0,0,0,0
6.13,0,0,0,0,0,0
6.14,0,0,0,0,0,0
6.15,0,0,0,0,0,0
6.16,0,0,0,0,0,0
6.17,0,0,0,0,0,0
6.18,0,0,0,0,0,0
6.19,0,0,0,0,0,0
6.2,0,0,0,0,0,0
6.21,0,0,0,0,0,0
6.22,0,0,0,0,0,0
6.23,0,0,0,0,0,0
6.24,0,0,0,0,0,0
6.25,0,0,0,0,0,0
6.26,0,0,0,0,0,0
6.27,0,0,0,0,0,0
6.28,0,0,0,0,0,0
6.29,0,0,0,0,0,0
6.3,0,0,0,0,0,0
6.31,0,0,0,0,0,0
6.32,0,0,0,0,0,0
6.33,0,0,0,0,0,0
6.34,0,0,0,0,0,0
6.35,0,0,0,0,0,0
6.36,0,0,0,0,0,0
6.37,0,0,0,0,0,0
6.38,0,0,0,0,0,0
6.39,0,0,0,0,0,0
6.4,0,0,0,0,0,0
6.41,0,0,0,0,0,0
6.42,0,0,0,0,0,0
6.43,0,0,0,0,0,0
6.44,0,0,0,0,0,0
6.45,0,0,0,0,0,0
6.46,0,0,0,0,0,0
6.47,0,0,0,0,0,0
6.48,0,0,0,0,0,0
6.49,0,0,0,0,0,0
6.5,0,0,0,0,0,0
6.51,0,0.225,0,-0.094,0,0.037
6.52,0,0.663,0,-0.213,0,0.083
6.53,0,0.951,0,-0.275,0,0.103
6.54,0,1.023,0,-0.291,0,0.106
6.55,0,1.041,0,-0.295,0,0.104
6.56,0,1.046,0,-0.297,0,0.102
6.57,0,1.047,0,-0.299,0,0.099
6.58,0,1.047,0,-0.3,0,0.096
6.59,0,1.047,0,-0.301,0,0.093
6.6,0,1.047,0,-0.302,0,0.09
6.61,0,1.047,0,-0.303,0,0.087
6.62,0,1.047,0,-0.304,0,0.084
6.63,0,1.047,0,-0.304,0,0.081
6.64,0,1.047,0,-0.305,0,0.078
6.65,0,1.047,0,-0.306,0,0.075
6.66,0,1.047,0,-0.307,0,0.072
6.67,0,1.047,0,-0.308,0,0.069
6.68,0,1.047,0,-0.308,0,0.066
6.69,0,1.047,0,-0.309,0,0.063
6.7,0,1.047,0,-0.31,0,0.06
6.71,0,1.047,0,-0.31,0,0.057
6.72,0,1.047,0,-0.311,0,0.054
6.73,0,1.047,0,-0.311,0,0.051
6.74,0,1.047,0,-0.312,0,0.048
6.75,0,1.047,0,-0.312,0,0.045
6.76,0,1.047,0,-0.313,0,0.042
6.77,0,1.047,0,-0.313,0,0.039
6.78,0,1.047,0,-0.314,0,0.036
6.79,0,1.047,0,-0.314,0,0.033
6.8,0,1.047,0,-0.314,0,0.03
6.81,0,1.047,0,-0.315,0,0.027
6.82,0,1.047,0,-0.315,0,0.024
6.83,0,1.047,0,-0.315,0,0.02
6.84,0,1.047,0,-0.315,0,0.017
6.85,0,1.047,0,-0.315,0,0.014
6.86,0,1.047,0,-0.316,0,0.011
6.87,0,1.047,0,-0.316,0,0.008
6.88,0,1.047,0,-0.316,0,0.005
6.89,0,1.047,0,-0.316,0,0.002
6.9,0,1.047,0,-0.316,0,-0.001
6.91,0,1.047,0,-0.316,0,-0.004
6.92,0,1.047,0,-0.316,0,-0.007
6.93,0,1.047,0,-0.316,0,-0.011
6.94,0,1.047,0,-0.315,0,-0.014
6.95,0,1.047,0,-0.315,0,-0.017
6.96,0,1.047,0,-0.315,0,-0.02
6.97,0,1.047,0,-0.315,0,-0.023
6.98,0,1.047,0,-0.315,0,-0.026
6.99,0,1.047,0,-0.314,0,-0.029
7,0,1.047,0,-0.314,0,-0.032
7.01,0,0.125,0,-0.153,0,0.005
7.02,0,-0.754,0,-0.001,0,0.025
7.03,0,-0.974,0,0.117,0,0.027
7.04,0,-1.029,0,0.228,0,0.025
7.05,0,-1.043,0,0.315,0,0.022
7.06,0,-1.046,0,0.314,0,0.019
7.07,0,-1.047,0,0.315,0,0.016
7.08,0,-1.047,0,0.314,0,0.013
7.09,0,-0.974,0,0.282,0,0.009
7.1,0,-0.804,0,0.229,0,0.005
7.11,0,-0.629,0,0.178,0,0.003
7.12,0,-0.481,0,0.135,0,0.002
7.13,0,-0.363,0,0.102,0,0.001
7.14,0,-0.271,0,0.076,0,0
7.15,0,-0.202,0,0.057,0,0
7.16,0,-0.151,0,0.042,0,0
7.17,0,-0.112,0,0.031,0,0
7.18,0,-0.083,0,0.023,0,0
7.19,0,-0.062,0,0.017,0,0
7.2,0,-0.046,0,0.013,0,0
7.21,0,-0.034,0,0.01,0,0
7.22,0,-0.025,0,0.007,0,0
7.23,0,-0.019,0,0.005,0,0
7.24,0,-0.014,0,0.004,0,0
7.25,0,-0.01,0,0.003,0,0
7.26,0,-0.008,0,0.002,0,0
7.27,0,-0.006,0,0.002,0,0
7.28,0,-0.004,0,0.001,0,0
7.29,0,-0.003,0,0.001,0,0
7.3,0,-0.002,0,0.001,0,0
7.31,0,-0.002,0,0,0,0
7.32,0,-0.001,0,0,0,0
7.33,0,-0.001,0,0,0,0
7.34,0,-0.001,0,0,0,0
7.35,0,-0.001,0,0,0,0
7.36,0,0,0,0,0,0
7.37,0,0,0,0,0,0
7.38,0,0,0,0,0,0
7.39,0,0,0,0,0,0
7.4,0,0,0,0,0,0
7.41,0,0,0,0,0,0
7.42,0,0,0,0,0,0
7.43,0,0,0,0,0,0
7.44,0,0,0,0,0,0
7.45,0,0,0,0,0,0
7.46,0,0,0,0,0,0
7.47,0,0,0,0,0,0
7.48,0,0,0,0,0,0
7.49,0,0,0,0,0,0
7.5,0,0,0,0,0,0
7.51,0,0.277,0,-0.128,0,0
7.52,0,0.806,0,-0.262,0,-0.002
7.53,0,0.987,0,-0.302,0,-0.005
7.54,0,1.032,0,-0.312,0,-0.009
7.55,0,1.043,0,-0.315,0,-0.012
7.56,0,1.046,0,-0.315,0,-0.015
7.57,0,1.047,0,-0.315,0,-0.018
7.58,0,1.047,0,-0.315,0,-0.021
7.59,0,1.047,0,-0.315,0,-0.024
7.6,0,1.047,0,-0.314,0,-0.027
7.61,0,1.047,0,-0.314,0,-0.03
7.62,0,1.047,0,-0.314,0,-0.034
7.63,0,1.047,0,-0.313,0,-0.037
7.64,0,1.047,0,-0.313,0,-0.04
7.65,0,1.047,0,-0.313,0,-0.043
7.66,0,1.047,0,-0.312,0,-0.046
7.67,0,1.047,0,-0.312,0,-0.049
7.68,0,1.047,0,-0.311,0,-0.052
7.69,0,1.047,0,-0.311,0,-0.055
7.7,0,1.047,0,-0.31,0,-0.058
7.71,0,1.047,0,-0.309,0,-0.061
7.72,0,1.047,0,-0.309,0,-0.064
7.73,0,1.047,0,-0.308,0,-0.067
7.74,0,1.047,0,-0.307,0,-0.07
7.75,0,1.047,0,-0.307,0,-0.073
7.76,0,1.047,0,-0.306,0,-0.076
7.77,0,1.047,0,-0.305,0,-0.079
7.78,0,1.047,0,-0.304,0,-0.082
7.79,0,1.047,0,-0.303,0,-0.085
7.8,0,1.047,0,-0.302,0,-0.088
7.81,0,1.047,0,-0.301,0,-0.091
7.82,0,1.047,0,-0.3,0,-0.094
7.83,0,1.047,0,-0.299,0,-0.097
7.84,0,1.047,0,-0.298,0,-0.1
7.85,0,1.047,0,-0.297,0,-0.103
7.86,0,0.997,0,-0.272,0,-0.097
7.87,0,0.832,0,-0.222,0,-0.081
7.88,0,0.655,0,-0.173,0,-0.065
7.89,0,0.501,0,-0.132,0,-0.05
7.9,0,0.378,0,-0.099,0,-0.038
7.91,0,0.284,0,-0.074,0,-0.029
7.92,0,0.212,0,-0.055,0,-0.021
7.93,0,0.158,0,-0.041,0,-0.016
7.94,0,0.117,0,-0.03,0,-0.012
7.95,0,0.087,0,-0.023,0,-0.009
7.96,0,0.065,0,-0.017,0,-0.007
7.97,0,0.048,0,-0.013,0,-0.005
7.98,0,0.036,0,-0.009,0,-0.004
7.99,0,0.027,0,-0.007,0,-0.003
8,0,0.02,0,-0.005,0,-0.002
8.01,0,0.015,0,-0.004,0,-0.002
8.02,0,0.011,0,-0.003,0,-0.001
8.03,0,0.008,0,-0.002,0,-0.001
8.04,0,0.006,0,-0.002,0,-0.001
8.05,0,0.004,0,-0.001,0,-0.001
8.06,0,0.003,0,-0.001,0,0
8.07,0,0.002,0,-0.001,0,0
8.08,0,0.002,0,0,0,0
8.09,0,0.001,0,0,0,0
8.1,0,0.001,0,0,0,0
8.11,0,0.001,0,0,0,0
8.12,0,0.001,0,0,0,0
8.13,0,0,0,0,0,0
8.14,0,0,0,0,0,0
8.15,0,0,0,0,0,0
8.16,0,0,0,0,0,0
8.17,0,0,0,0,0,0
8.18,0,0,0,0,0,0
8.19,0,0,0,0,0,0
8.2,0,0,0,0,0,0
8.21,0,0,0,0,0,0
8.22,0,0,0,0,0,0
8.23,0,0,0,0,0,0
8.24,0,0,0,0,0,0
8.25,0,0,0,0,0,0
8.26,0,0,0,0,0,0
8.27,0,0,0,0,0,0
8.28,0,0,0,0,0,0
8.29,0,0,0,0,0,0
8.3,0,0,0,0,0,0
8.31,0,0,0,0,0,0
8.32,0,0,0,0,0,0
8.33,0,0,0,0,0,0
8.34,0,0,0,0,0,0
8.35,0,0,0,0,0,0
8.36,0,0,0,0,0,0
8.37,0,0,0,0,0,0
8.38,0,0,0,0,0,0
8.39,0,0,0,0,0,0
8.4,0,0,0,0,0,0
8.41,0,0,0,0,0,0
8.42,0,0,0,0,0,0
8.43,0,0,0,0,0,0
8.44,0,0,0,0,0,0
8.45,0,0,0,0,0,0
8.46,0,0,0,0,0,0
8.47,0,0,0,0,0,0
8.48,0,0,0,0,0,0
8.49,0,0,0,0,0,0
8.5,0,0,0,0,0,0
8.51,0,0,0,0,0,0
8.52,0,0,0,0,0,0
8.53,0,0,0,0,0,0
8.54,0,0,0,0,0,0
8.55,0,0,0,0,0,0
8.56,0,0,0,0,0,0
8.57,0,0,0,0,0,0
8.58,0,0,0,0,0,0
8.59,0,0,0,0,0,0
8.6,0,0,0,0,0,0
8.61,0,0,0,0,0,0
8.62,0,0,0,0,0,0
8.63,0,0,0,0,0,0
8.64,0,0,0,0,0,0
8.65,0,0,0,0,0,0
8.66,0,0,0,0,0,0
8.67,0,0,0,0,0,0
8.68,0,0,0,0,0,0
8.69,0,0,0,0,0,0
8.7,0,0,0,0,0,0
8.71,0,0,0,0,0,0
8.72,0,0,0,0,0,0
8.73,0,0,0,0,0,0
8.74,0,0,0,0,0,0
8.75,0,0,0,0,0,0
8.76,0,0,0,0,0,0
8.77,0,0,0,0,0,0
8.78,0,0,0,0,0,0
8.79,0,0,0,0,0,0
8.8,0,0,0,0,0,0
8.81,0,0,0,0,0,0
8.82,0,0,0,0,0,0
8.83,0,0,0,0,0,0
8.84,0,0,0,0,0,0
8.85,0,0,0,0,0,0
8.86,0,0,0,0,0,0
8.87,0,0,0,0,0,0
8.88,0,0,0,0,0,0
8.89,0,0,0,0,0,0
8.9,0,0,0,0,0,0
8.91,0,0,0,0,0,0
8.92,0,0,0,0,0,0
8.93,0,0,0,0,0,0
8.94,0,0,0,0,0,0
8.95,0,0,0,0,0,0
8.96,0,0,0,0,0,0
8.97,0,0,0,0,0,0
8.98,0,0,0,0,0,0
8.99,0,0,0,0,0,0
9,0,0,0,0,0,0
9.01,0,0,0,0,0,0
9.02,0,-0.259,0,0.114,0,0.044
9.03,0,-0.793,0,0.24,0,0.092
9.04,0,-0.984,0,0.281,0,0.105
9.05,0,-1.031,0,0.292,0,0.106
9.06,0,-1.043,0,0.296,0,0.104
9.07,0,-1.046,0,0.297,0,0.101
9.08,0,-1.047,0,0.298,0,0.098
9.09,0,-1.047,0,0.3,0,0.096
9.1,0,-1.047,0,0.301,0,0.093
9.11,0,-1.047,0,0.301,0,0.09
9.12,0,-1.047,0,0.302,0,0.087
9.13,0,-1.047,0,0.303,0,0.084
9.14,0,-1.047,0,0.304,0,0.081
9.15,0,-1.047,0,0.305,0,0.078
9.16,0,-1.047,0,0.306,0,0.075
9.17,0,-1.047,0,0.307,0,0.072
9.18,0,-1.047,0,0.307,0,0.069
9.19,0,-1.047,0,0.308,0,0.066
9.2,0,-1.047,0,0.309,0,0.063
9.21,0,-1.047,0,0.309,0,0.06
9.22,0,-1.047,0,0.31,0,0.057
9.23,0,-1.047,0,0.31,0,0.054
9.24,0,-1.047,0,0.311,0,0.051
9.25,0,-1.047,0,0.312,0,0.048
9.26,0,-1.047,0,0.312,0,0.044
9.27,0,-1.047,0,0.312,0,0.041
9.28,0,-1.047,0,0.313,0,0.038
9.29,0,-1.047,0,0.313,0,0.035
9.3,0,-1.047,0,0.314,0,0.032
9.31,0,-1.047,0,0.314,0,0.029
9.32,0,-1.047,0,0.314,0,0.026
9.33,0,-1.047,0,0.314,0,0.023
9.34,0,-1.047,0,0.315,0,0.02
9.35,0,-1.047,0,0.315,0,0.017
9.36,0,-1.047,0,0.315,0,0.014
9.37,0,-1.001,0,0.291,0,0.01
9.38,0,-0.838,0,0.239,0,0.006
9.39,0,-0.661,0,0.187,0,0.003
9.4,0,-0.506,0,0.143,0,0.002
9.41,0,-0.382,0,0.107,0,0.001
9.42,0,-0.287,0,0.08,0,0.001
9.43,0,-0.214,0,0.06,0,0
9.44,0,-0.159,0,0.045,0,0
9.45,0,-0.118,0,0.033,0,0
9.46,0,-0.088,0,0.025,0,0
9.47,0,-0.065,0,0.018,0,0
9.48,0,-0.049,0,0.014,0,0
9.49,0,-0.036,0,0.01,0,0
9.5,0,-0.027,0,0.008,0,0
9.51,0,-0.02,-0.524,0.026,0,-0.08
9.52,0,-0.015,-0.916,0.084,0,-0.137
9.53,0,-0.011,-1.014,0.164,0,-0.148
9.54,0,-0.008,-1.039,0.163,0,-0.152
9.55,0,-0.006,-1.045,0.162,0,-0.154
9.56,0,-0.004,-1.047,0.16,0,-0.156
9.57,0,-0.003,-1.047,0.158,0,-0.157
9.58,0,-0.002,-1.047,0.157,0,-0.159
9.59,0,-0.002,-1.047,0.155,0,-0.16
9.6,0,-0.001,-1.047,0.153,0,-0.162
9.61,0,-0.001,-1.047,0.151,0,-0.163
9.62,0,-0.001,-1.047,0.149,0,-0.164
9.63,0,-0.001,-1.047,0.148,0,-0.166
9.64,0,0,-1.047,0.146,0,-0.167
9.65,0,0,-1.047,0.144,0,-0.168
9.66,0,0,-1.047,0.142,0,-0.17
9.67,0,0,-1.047,0.14,0,-0.171
9.68,0,0,-1.047,0.139,0,-0.172
9.69,0,0,-1.047,0.137,0,-0.174
9.7,0,0,-1.047,0.135,0,-0.175
9.71,0,0,-1.047,0.133,0,-0.176
9.72,0,0,-1.047,0.131,0,-0.177
9.73,0,0,-1.047,0.129,0,-0.178
9.74,0,0,-1.047,0.128,0,-0.179
9.75,0,0,-1.047,0.126,0,-0.181
9.76,0,0,-1.047,0.124,0,-0.182
9.77,0,0,-1.047,0.122,0,-0.183
9.78,0,0,-1.047,0.12,0,-0.184
9.79,0,0,-1.047,0.118,0,-0.185
9.8,0,0,-1.047,0.116,0,-0.186
9.81,0,0,-1.047,0.114,0,-0.187
9.82,0,0,-1.047,0.112,0,-0.188
9.83,0,0,-1.047,0.11,0,-0.189
9.84,0,0,-1.047,0.108,0,-0.19
9.85,0,0,-1.047,0.105,0,-0.188
9.86,0,0,-0.947,0.09,0,-0.166
9.87,0,0,-0.772,0.071,0,-0.134
9.88,0,0,-0.602,0.055,0,-0.104
9.89,0,0,-0.458,0.041,0,-0.079
9.9,0,0,-0.345,0.031,0,-0.06
9.91,0,0,-0.258,0.023,0,-0.045
9.92,0,0,-0.192,0.017,0,-0.033
9.93,0,0,-0.143,0.013,0,-0.025
9.94,0,0,-0.107,0.009,0,-0.018
9.95,0,0,-0.079,0.007,0,-0.014
9.96,0,0,-0.059,0.005,0,-0.01
9.97,0,0,-0.044,0.004,0,-0.008
9.98,0,0,-0.032,0.003,0,-0.006
9.99,0,0,-0.024,0.002,0,-0.004
10,0,0,-0.018,0.002,0,-0.003
10.01,0,0,0.25,-0.037,0,0.072
10.02,0,0,0.788,-0.081,0,0.158
10.03,0,0,0.982,-0.097,0,0.183
10.04,0,0,1.031,-0.102,0,0.189
10.05,0,0,1.043,-0.105,0,0.19
10.06,0,0,1.046,-0.107,0,0.19
10.07,0,0,1.047,-0.109,0,0.189
10.08,0,0,1.047,-0.111,0,0.188
10.09,0,0,1.047,-0.113,0,0.187
10.1,0,0,1.047,-0.115,0,0.186
10.11,0,0,1.047,-0.117,0,0.185
10.12,0,0,1.047,-0.119,0,0.184
10.13,0,0,1.047,-0.121,0,0.183
10.14,0,0,1.047,-0.123,0,0.182
10.15,0,0,1.047,-0.125,0,0.181
10.16,0,0,1.047,-0.127,0,0.179
10.17,0,0,1.047,-0.129,0,0.178
10.18,0,0,1.047,-0.131,0,0.177
10.19,0,0,1.047,-0.132,0,0.176
10.2,0,0,1.047,-0.134,0,0.175
10.21,0,0,1.047,-0.136,0,0.174
10.22,0,0,1.047,-0.138,0,0.172
10.23,0,0,1.047,-0.14,0,0.171
10.24,0,0,1.047,-0.141,0,0.17
10.25,0,0,1.047,-0.143,0,0.169
10.26,0,0,1.047,-0.145,0,0.167
10.27,0,0,1.047,-0.147,0,0.166
10.28,0,0,1.047,-0.148,0,0.165
10.29,0,0,1.047,-0.15,0,0.163
10.3,0,0,1.047,-0.152,0,0.162
10.31,0,0,1.047,-0.154,0,0.16
10.32,0,0,1.047,-0.155,0,0.159
10.33,0,0,1.047,-0.157,0,0.158
10.34,0,0,1.047,-0.159,0,0.156
10.35,0,0,1.047,-0.16,0,0.155
10.36,0,0,1.047,-0.162,0,0.153
10.37,0,0,1.047,-0.163,0,0.152
10.38,0,0,1.047,-0.165,0,0.15
10.39,0,0,1.047,-0.167,0,0.149
10.4,0,0,1.047,-0.168,0,0.147
10.41,0,0,1.047,-0.17,0,0.145
10.42,0,0,1.047,-0.171,0,0.144
10.43,0,0,1.047,-0.173,0,0.142
10.44,0,0,1.047,-0.174,0,0.141
10.45,0,0,1.047,-0.176,0,0.139
10.46,0,0,1.047,-0.177,0,0.137
10.47,0,0,1.047,-0.178,0,0.136
10.48,0,0,1.047,-0.18,0,0.134
10.49,0,0,1.047,-0.181,0,0.132
10.5,0,0,1.047,-0.183,0,0.131
10.51,0,0,0,-0.149,0,0.037
10.52,0,0,-0.785,-0.135,0,-0.071
10.53,0,0,-0.982,-0.084,0,-0.129
10.54,0,0,-1.031,0.024,0,-0.133
10.55,0,0,-1.043,0.131,0,-0.136
10.56,0,0,-1.046,0.181,0,-0.138
10.57,0,0,-1.047,0.176,0,-0.14
10.58,0,0,-1.047,0.174,0,-0.141
10.59,0,0,-0.989,0.157,0,-0.13
10.6,0,0,-0.821,0.127,0,-0.107
10.61,0,0,-0.645,0.099,0,-0.084
10.62,0,0,-0.493,0.075,0,-0.064
10.63,0,0,-0.372,0.056,0,-0.049
10.64,0,0,-0.279,0.042,0,-0.037
10.65,0,0,-0.208,0.031,0,-0.027
10.66,0,0,-0.155,0.023,0,-0.02
10.67,0,0,-0.115,0.017,0,-0.015
10.68,0,0,-0.086,0.013,0,-0.011
10.69,0,0,-0.064,0.01,0,-0.008
10.7,0,0,-0.047,0.007,0,-0.006
10.71,0,0,-0.035,0.005,0,-0.005
10.72,0,0,-0.026,0.004,0,-0.004
10.73,0,0,-0.019,0.003,0,-0.003
10.74,0,0,-0.014,0.002,0,-0.002
10.75,0,0,-0.011,0.002,0,-0.002
10.76,0,0,-0.008,0.001,0,-0.001
10.77,0,0,-0.006,0.001,0,-0.001
10.78,0,0,-0.004,0.001,0,-0.001
10.79,0,0,-0.003,0.001,0,-0.001
10.8,0,0,-0.002,0,0,0
10.81,0,0,-0.002,0,0,0
10.82,0,0,-0.001,0,0,0
10.83,0,0,-0.001,0,0,0
10.84,0,0,-0.001,0,0,0
10.85,0,0,-0.001,0,0,0
10.86,0,0,0,0,0,0
10.87,0,0,0,0,0,0
10.88,0,0,0,0,0,0
10.89,0,0,0,0,0,0
10.9,0,0,0,0,0,0
10.91,0,0,0,0,0,0
10.92,0,0,0,0,0,0
10.93,0,0,0,0,0,0
10.94,0,0,0,0,0,0
10.95,0,0,0,0,0,0
10.96,0,0,0,0,0,0
10.97,0,0,0,0,0,0
10.98,0,0,0,0,0,0
10.99,0,0,0,0,0,0
11,0,0,0,0,0,0
11.01,0,0,-0.524,0.019,0,-0.08
11.02,0,0,-0.916,0.078,0,-0.137
11.03,0,0,-1.015,0.161,0,-0.148
11.04,0,0,-1.039,0.161,0,-0.152
11.05,0,0,-1.045,0.161,0,-0.154
11.06,0,0,-1.047,0.16,0,-0.156
11.07,0,0,-1.047,0.158,0,-0.157
11.08,0,0,-1.047,0.156,0,-0.159
11.09,0,0,-1.047,0.155,0,-0.16
11.1,0,0,-1.047,0.153,0,-0.162
11.11,0,0,-1.047,0.151,0,-0.163
11.12,0,0,-1.047,0.15,0,-0.164
11.13,0,0,-1.047,0.148,0,-0.166
11.14,0,0,-1.047,0.146,0,-0.167
11.15,0,0,-1.047,0.144,0,-0.168
11.16,0,0,-1.047,0.143,0,-0.17
11.17,0,0,-1.047,0.141,0,-0.171
11.18,0,0,-1.047,0.139,0,-0.172
11.19,0,0,-1.047,0.137,0,-0.174
11.2,0,0,-1.047,0.135,0,-0.175
11.21,0,0,-1.047,0.134,0,-0.176
11.22,0,0,-1.047,0.132,0,-0.177
11.23,0,0,-1.047,0.13,0,-0.178
11.24,0,0,-1.047,0.128,0,-0.179
11.25,0,0,-1.047,0.126,0,-0.181
11.26,0,0,-1.047,0.124,0,-0.182
11.27,0,0,-1.047,0.122,0,-0.183
11.28,0,0,-1.047,0.12,0,-0.184
11.29,0,0,-1.047,0.118,0,-0.185
11.3,0,0,-1.047,0.116,0,-0.186
11.31,0,0,-1.047,0.115,0,-0.187
11.32,0,0,-1.047,0.113,0,-0.188
11.33,0,0,-1.047,0.111,0,-0.189
11.34,0,0,-1.047,0.109,0,-0.19
11.35,0,0,-1.047,0.105,0,-0.188
11.36,0,0,-0.947,0.09,0,-0.166
11.37,0,0,-0.772,0.072,0,-0.134
11.38,0,0,-0.601,0.055,0,-0.104
11.39,0,0,-0.458,0.041,0,-0.079
11.4,0,0,-0.345,0.031,0,-0.06
11.41,0,0,-0.258,0.023,0,-0.045
11.42,0,0,-0.192,0.017,0,-0.033
11.43,0,0,-0.143,0.013,0,-0.025
11.44,0,0,-0.106,0.009,0,-0.019
11.45,0,0,-0.079,0.007,0,-0.014
11.46,0,0,-0.059,0.005,0,-0.01
11.47,0,0,-0.044,0.004,0,-0.008
11.48,0,0,-0.032,0.003,0,-0.006
11.49,0,0,-0.024,0.002,0,-0.004
11.5,0,0,-0.018,0.002,0,-0.003
11.51,0,0,0.25,-0.037,0,0.072
11.52,0,0,0.783,-0.081,0,0.157
11.53,0,0,0.981,-0.097,0,0.183
11.54,0,0,1.031,-0.103,0,0.189
11.55,0,0,1.043,-0.106,0,0.19
11.56,0,0,1.046,-0.108,0,0.19
11.57,0,0,1.047,-0.11,0,0.189
11.58,0,0,1.047,-0.112,0,0.188
11.59,0,0,1.047,-0.114,0,0.187
11.6,0,0,1.047,-0.116,0,0.186
11.61,0,0,1.047,-0.118,0,0.185
11.62,0,0,1.047,-0.12,0,0.184
11.63,0,0,1.047,-0.122,0,0.183
11.64,0,0,1.047,-0.123,0,0.182
11.65,0,0,1.047,-0.125,0,0.181
11.66,0,0,1.047,-0.127,0,0.179
11.67,0,0,1.047,-0.129,0,0.178
11.68,0,0,1.047,-0.131,0,0.177
11.69,0,0,1.047,-0.133,0,0.176
11.7,0,0,1.047,-0.135,0,0.175
11.71,0,0,1.047,-0.136,0,0.174
11.72,0,0,1.047,-0.138,0,0.172
11.73,0,0,1.047,-0.14,0,0.171
11.74,0,0,1.047,-0.142,0,0.17
11.75,0,0,1.047,-0.144,0,0.168
11.76,0,0,1.047,-0.145,0,0.167
11.77,0,0,1.047,-0.147,0,0.166
11.78,0,0,1.047,-0.149,0,0.165
11.79,0,0,1.047,-0.151,0,0.163
11.8,0,0,1.047,-0.152,0,0.162
11.81,0,0,1.047,-0.154,0,0.16
11.82,0,0,1.047,-0.156,0,0.159
11.83,0,0,1.047,-0.157,0,0.158
11.84,0,0,1.047,-0.159,0,0.156
11.85,0,0,1.047,-0.161,0,0.155
11.86,0,0,1.047,-0.162,0,0.153
11.87,0,0,1.047,-0.164,0,0.152
11.88,0,0,1.047,-0.165,0,0.15
11.89,0,0,1.047,-0.167,0,0.149
11.9,0,0,1.047,-0.168,0,0.147
11.91,0,0,1.047,-0.17,0,0.145
11.92,0,0,1.047,-0.171,0,0.144
11.93,0,0,1.047,-0.173,0,0.142
11.94,0,0,1.047,-0.174,0,0.141
11.95,0,0,1.047,-0.176,0,0.139
11.96,0,0,1.047,-0.177,0,0.137
11.97,0,0,1.047,-0.179,0,0.136
11.98,0,0,1.047,-0.18,0,0.134
11.99,0,0,1.047,-0.182,0,0.132
12,0,0,1.047,-0.183,0,0.131
12.01,0,0,1.047,-0.184,0,0.129
12.02,0,0,1.047,-0.186,0,0.127
12.03,0,0,1.047,-0.187,0,0.125
12.04,0,0,1.047,-0.188,0,0.124
12.05,0,0,1.047,-0.19,0,0.122
12.06,0,0,1.047,-0.191,0,0.12
12.07,0,0,1.047,-0.192,0,0.118
12.08,0,0,1.047,-0.193,0,0.117
12.09,0,0,1.047,-0.195,0,0.115
12.1,0,0,1.047,-0.196,0,0.113
12.11,0,0,1.047,-0.197,0,0.111
12.12,0,0,1.047,-0.198,0,0.109
12.13,0,0,1.047,-0.199,0,0.107
12.14,0,0,1.047,-0.2,0,0.105
12.15,0,0,1.047,-0.201,0,0.103
12.16,0,0,1.047,-0.202,0,0.102
12.17,0,0,1.047,-0.204,0,0.1
12.18,0,0,1.047,-0.205,0,0.098
12.19,0,0,1.047,-0.206,0,0.096
12.2,0,0,1.047,-0.207,0,0.094
12.21,0,0,1.047,-0.208,0,0.092
12.22,0,0,1.047,-0.208,0,0.09
12.23,0,0,1.047,-0.209,0,0.088
12.24,0,0,1.02,-0.199,0,0.081
12.25,0,0,0.87,-0.167,0,0.066
12.26,0,0,0.692,-0.132,0,0.051
12.27,0,0,0.533,-0.101,0,0.039
12.28,0,0,0.403,-0.076,0,0.029
12.29,0,0,0.303,-0.057,0,0.022
12.3,0,0,0.226,-0.043,0,0.016
12.31,0,0,0.168,-0.032,0,0.012
12.32,0,0,0.125,-0.024,0,0.009
12.33,0,0,0.093,-0.018,0,0.006
12.34,0,0,0.069,-0.013,0,0.005
12.35,0,0,0.051,-0.01,0,0.003
12.36,0,0,0.038,-0.007,0,0.003
12.37,0,0,0.028,-0.005,0,0.002
12.38,0,0,0.021,-0.004,0,0.001
12.39,0,0,0.016,-0.003,0,0.001
12.4,0,0,0.012,-0.002,0,0.001
12.41,0,0,0.009,-0.002,0,0
12.42,0,0,0.006,-0.001,0,0
12.43,0,0,0.005,-0.001,0,0
12.44,0,0,0.004,-0.001,0,0
12.45,0,0,0.002,0,0,0
12.46,0,0,0.002,0,0,0
12.47,0,0,0.001,0,0,0
12.48,0,0,0.001,0,0,0
12.49,0,0,0.001,0,0,0
12.5,0,0,0.001,0,0,0
12.51,0,0,-0.523,0.049,0,-0.05
12.52,0,0,-0.916,0.145,0,-0.073
12.53,0,0,-1.015,0.211,0,-0.081
12.54,0,0,-1.039,0.21,0,-0.085
12.55,0,0,-1.045,0.21,0,-0.087
12.56,0,0,-1.047,0.209,0,-0.089
12.57,0,0,-1.047,0.208,0,-0.091
12.58,0,0,-1.047,0.207,0,-0.093
12.59,0,0,-1.047,0.206,0,-0.095
12.6,0,0,-1.047,0.205,0,-0.097
12.61,0,0,-1.047,0.204,0,-0.099
12.62,0,0,-1.047,0.203,0,-0.101
12.63,0,0,-1.047,0.202,0,-0.103
12.64,0,0,-1.047,0.201,0,-0.105
12.65,0,0,-1.047,0.2,0,-0.107
12.66,0,0,-1.047,0.199,0,-0.109
12.67,0,0,-1.047,0.198,0,-0.11
12.68,0,0,-1.047,0.196,0,-0.112
12.69,0,0,-1.047,0.195,0,-0.114
12.7,0,0,-1.047,0.194,0,-0.116
12.71,0,0,-1.047,0.193,0,-0.118
12.72,0,0,-1.047,0.192,0,-0.12
12.73,0,0,-1.047,0.19,0,-0.121
12.74,0,0,-1.047,0.189,0,-0.123
12.75,0,0,-1.047,0.188,0,-0.125
12.76,0,0,-1.047,0.186,0,-0.127
12.77,0,0,-1.047,0.185,0,-0.128
12.78,0,0,-1.047,0.184,0,-0.13
12.79,0,0,-1.047,0.182,0,-0.132
12.8,0,0,-1.047,0.181,0,-0.134
12.81,0,0,-1.047,0.18,0,-0.135
12.82,0,0,-1.047,0.178,0,-0.137
12.83,0,0,-1.047,0.177,0,-0.139
12.84,0,0,-1.047,0.175,0,-0.14
12.85,0,0,-1.047,0.174,0,-0.142
12.86,0,0,-1.047,0.172,0,-0.143
12.87,0,0,-1.047,0.171,0,-0.145
12.88,0,0,-1.047,0.169,0,-0.147
12.89,0,0,-1.047,0.168,0,-0.148
12.9,0,0,-1.047,0.166,0,-0.15
12.91,0,0,-1.047,0.165,0,-0.151
12.92,0,0,-1.047,0.163,0,-0.153
12.93,0,0,-1.047,0.161,0,-0.154
12.94,0,0,-1.047,0.16,0,-0.156
12.95,0,0,-1.047,0.158,0,-0.157
12.96,0,0,-1.047,0.156,0,-0.159
12.97,0,0,-1.047,0.155,0,-0.16
12.98,0,0,-1.047,0.153,0,-0.161
12.99,0,0,-1.047,0.151,0,-0.163
13,0,0,-1.047,0.15,0,-0.164
